"","Region_name","Observed_indoor_richness","Observed_naturalized_richness","Projected_naturalized_richness_indoor_current","Projected_naturalized_richness_indoor_2C","Projected_naturalized_richness_indoor_4C","Projected_naturalized_richness_difference_2C","Projected_naturalized_richness_difference_4C","Projected_naturalized_richness_difference_warm_scen","Observed_harmful_indoor_richness","Observed_harmful_naturalized_richness","Projected_harmful_naturalized_richness_indoor_current","Projected_harmful_naturalized_richness_indoor_2C","Projected_harmful_naturalized_richness_indoor_4C","Projected_harmful_naturalized_richness_difference_2C","Projected_harmful_naturalized_richness_difference_4C","Projected_harmful_naturalized_richness_warm_scen","Observed_env_impact_indoor","Observed_env_impact_naturalized","Cumulative_env_SWIS_indoor_current","Cumulative_env_SWIS_indoor_2C","Cumulative_env_SWIS_indoor_4C","Projected_env_SWIS_difference_2C","Projected_env_SWIS_difference_4C","Projected_env_SWIS_difference_warm_scen","Observed_soc_impact_indoor","Observed_soc_impact_naturalized","Cumulative_soc_SWIS_indoor_current","Cumulative_soc_SWIS_indoor_2C","Cumulative_soc_SWIS_indoor_4C","Projected_soc_SWIS_difference_2C","Projected_soc_SWIS_difference_4C","Projected_soc_SWIS_difference_warm_scen"
"1","Acre",NA,6,0,0,0,NA,NA,NA,NA,5,NA,NA,NA,NA,NA,NA,NA,25,NA,NA,NA,NA,NA,NA,NA,11,NA,NA,NA,NA,NA,NA
"2","Afghanistan",NA,2,0,0,0,NA,NA,NA,NA,2,NA,NA,NA,NA,NA,NA,NA,6,NA,NA,NA,NA,NA,NA,NA,5,NA,NA,NA,NA,NA,NA
"3","Aguascalientes",NA,4,0,0,0,NA,NA,NA,NA,3,NA,NA,NA,NA,NA,NA,NA,33,NA,NA,NA,NA,NA,NA,NA,30,NA,NA,NA,NA,NA,NA
"4","Alabama",1,30,0.00664490826237286,0.00761062667842117,0.0109127688031567,0.000965718416048308,0.0042678605407838,0.0033021421247355,NA,10,NA,NA,NA,NA,NA,NA,NA,65,NA,NA,NA,NA,NA,NA,NA,47,NA,NA,NA,NA,NA,NA
"5","Alagoas",NA,2,0,0,0,NA,NA,NA,NA,2,NA,NA,NA,NA,NA,NA,NA,10,NA,NA,NA,NA,NA,NA,NA,7,NA,NA,NA,NA,NA,NA
"6","Alaska",1,NA,0.00627689524019448,0.0142285524542764,0.0556379791425512,0.00795165721408196,0.0493610839023567,0.0414094266882747,1,NA,0.00627689524019448,0.0142285524542764,0.0556379791425512,0.00795165721408196,0.0493610839023567,0.0414094266882747,5,NA,0.0313844762009724,0.0711427622713822,0.278189895712756,0.0397582860704098,0.246805419511783,0.207047133441374,0,NA,0,0,0,0,0,0
"7","Albania",1,NA,0.0154676389185317,0.0222709616724487,0.0338509507563979,0.00680332275391695,0.0183833118378662,0.0115799890839492,NA,NA,NA,NA,NA,NA,NA,NA,NA,NA,NA,NA,NA,NA,NA,NA,NA,NA,NA,NA,NA,NA,NA,NA
"8","Alberta",3,1,0.0253484693743058,0.0315247609014223,0.090063361440943,0.00617629152711655,0.0647148920666373,0.0585386005395207,2,NA,0.0252451794807326,0.0313981626888879,0.0897202160377651,0.0061529832081553,0.0644750365570324,0.0583220533488771,3,NA,0.01430326071448,0.0180669359599995,0.056383311531407,0.00376367524551949,0.042080050816927,0.0383163755714075,6,NA,0.0914452107799439,0.113548026782219,0.321291989796789,0.0221028160022749,0.229846779016845,0.20774396301457
"9","Algeria",NA,13,0,0,0,NA,NA,NA,NA,5,NA,NA,NA,NA,NA,NA,NA,29,NA,NA,NA,NA,NA,NA,NA,14,NA,NA,NA,NA,NA,NA
"10","Amapa",NA,NA,0,0,0,NA,NA,NA,NA,NA,NA,NA,NA,NA,NA,NA,NA,NA,NA,NA,NA,NA,NA,NA,NA,NA,NA,NA,NA,NA,NA,NA
"11","Andaman and Nicobar Islands",NA,8,0,0,0,NA,NA,NA,NA,5,NA,NA,NA,NA,NA,NA,NA,33,NA,NA,NA,NA,NA,NA,NA,23,NA,NA,NA,NA,NA,NA
"12","Andhra Pradesh",NA,3,0,0,0,NA,NA,NA,NA,2,NA,NA,NA,NA,NA,NA,NA,18,NA,NA,NA,NA,NA,NA,NA,6,NA,NA,NA,NA,NA,NA
"13","Andorra",NA,2,0,0,0,NA,NA,NA,NA,2,NA,NA,NA,NA,NA,NA,NA,4,NA,NA,NA,NA,NA,NA,NA,4,NA,NA,NA,NA,NA,NA
"14","Angola",NA,1,0,0,0,NA,NA,NA,NA,1,NA,NA,NA,NA,NA,NA,NA,5,NA,NA,NA,NA,NA,NA,NA,0,NA,NA,NA,NA,NA,NA
"15","Anhui",NA,2,0,0,0,NA,NA,NA,NA,1,NA,NA,NA,NA,NA,NA,NA,5,NA,NA,NA,NA,NA,NA,NA,0,NA,NA,NA,NA,NA,NA
"16","Antioquia",NA,9,0,0,0,NA,NA,NA,NA,6,NA,NA,NA,NA,NA,NA,NA,29,NA,NA,NA,NA,NA,NA,NA,7,NA,NA,NA,NA,NA,NA
"17","Arauca",NA,1,0,0,0,NA,NA,NA,NA,1,NA,NA,NA,NA,NA,NA,NA,5,NA,NA,NA,NA,NA,NA,NA,2,NA,NA,NA,NA,NA,NA
"18","Arizona",5,13,0.347863739948263,0.404693633854405,0.57732944466372,0.0568298939061417,0.229465704715457,0.172635810809315,2,6,0.285875767520774,0.328816103219026,0.453060759685961,0.0429403356982521,0.167184992165187,0.124244656466935,10,40,1.42937883760387,1.64408051609513,2.26530379842981,0.214701678491261,0.835924960825937,0.621223282334677,2,33,0.110684483649898,0.126776269522831,0.176384598899662,0.0160917858729326,0.0657001152497636,0.049608329376831
"19","Arkansas",1,12,0.0145340343964782,0.0163819738455566,0.0246533259696276,0.00184793944907843,0.0101192915731495,0.00827135212407105,NA,7,NA,NA,NA,NA,NA,NA,NA,61,NA,NA,NA,NA,NA,NA,NA,47,NA,NA,NA,NA,NA,NA
"20","Armenia",1,1,0.00809223481715654,0.0112693189238477,0.0194984313647653,0.00317708410669114,0.0114061965476087,0.00822911244091761,NA,1,NA,NA,NA,NA,NA,NA,NA,0,NA,NA,NA,NA,NA,NA,NA,4,NA,NA,NA,NA,NA,NA
"21","Arunachal Pradesh",NA,9,0,0,0,NA,NA,NA,NA,3,NA,NA,NA,NA,NA,NA,NA,18,NA,NA,NA,NA,NA,NA,NA,9,NA,NA,NA,NA,NA,NA
"22","Ashmore and Cartier Islands",NA,NA,0,0,0,NA,NA,NA,NA,NA,NA,NA,NA,NA,NA,NA,NA,NA,NA,NA,NA,NA,NA,NA,NA,NA,NA,NA,NA,NA,NA,NA
"23","Assam",NA,9,0,0,0,NA,NA,NA,NA,3,NA,NA,NA,NA,NA,NA,NA,18,NA,NA,NA,NA,NA,NA,NA,9,NA,NA,NA,NA,NA,NA
"24","Atlantico",NA,6,0,0,0,NA,NA,NA,NA,5,NA,NA,NA,NA,NA,NA,NA,20,NA,NA,NA,NA,NA,NA,NA,10,NA,NA,NA,NA,NA,NA
"25","Austria",11,NA,2.20238490039603,2.72379853402847,3.82185160339281,0.521413633632432,1.61946670299677,1.09805306936434,5,NA,1.2519855272148,1.51642514748205,2.04185609021347,0.264439620267246,0.789870562998672,0.525430942731427,32,NA,6.18004178641861,7.66626568064427,10.9167745410407,1.48622389422566,4.73673275462211,3.25050886039645,15,NA,3.90565268485733,4.78055706248196,6.50816204788745,0.874904377624634,2.60250936303012,1.72760498540549
"26","Azerbaijan",NA,1,0,0,0,NA,NA,NA,NA,NA,NA,NA,NA,NA,NA,NA,NA,NA,NA,NA,NA,NA,NA,NA,NA,NA,NA,NA,NA,NA,NA,NA
"27","Bahamas",NA,32,0,0,0,NA,NA,NA,NA,10,NA,NA,NA,NA,NA,NA,NA,69,NA,NA,NA,NA,NA,NA,NA,43,NA,NA,NA,NA,NA,NA
"28","Bahia",NA,14,0,0,0,NA,NA,NA,NA,8,NA,NA,NA,NA,NA,NA,NA,44,NA,NA,NA,NA,NA,NA,NA,16,NA,NA,NA,NA,NA,NA
"29","Bahrain",NA,2,0,0,0,NA,NA,NA,NA,2,NA,NA,NA,NA,NA,NA,NA,5,NA,NA,NA,NA,NA,NA,NA,9,NA,NA,NA,NA,NA,NA
"30","Baja California",1,6,0.0508189724724965,0.0630366491967626,0.0961484219431217,0.0122176767242661,0.0453294494706252,0.0331117727463592,NA,4,NA,NA,NA,NA,NA,NA,NA,33,NA,NA,NA,NA,NA,NA,NA,24,NA,NA,NA,NA,NA,NA
"31","Baja California Sur",NA,5,0,0,0,NA,NA,NA,NA,4,NA,NA,NA,NA,NA,NA,NA,33,NA,NA,NA,NA,NA,NA,NA,24,NA,NA,NA,NA,NA,NA
"32","Baker Island",NA,NA,0,0,0,NA,NA,NA,NA,NA,NA,NA,NA,NA,NA,NA,NA,NA,NA,NA,NA,NA,NA,NA,NA,NA,NA,NA,NA,NA,NA,NA
"33","Bangladesh",NA,5,0,0,0,NA,NA,NA,NA,3,NA,NA,NA,NA,NA,NA,NA,18,NA,NA,NA,NA,NA,NA,NA,9,NA,NA,NA,NA,NA,NA
"34","Beijing",1,1,0.0009919809434318,0.0013136593741241,0.00277268981004736,0.000321678430692298,0.00178070886661556,0.00145903043592326,NA,NA,NA,NA,NA,NA,NA,NA,NA,NA,NA,NA,NA,NA,NA,NA,NA,NA,NA,NA,NA,NA,NA,NA
"35","Belgium",11,4,3.47453608400838,3.8405832334598,4.76248575663655,0.366047149451418,1.28794967262817,0.92190252317675,5,2,1.9829148579492,2.17098762272829,2.62130878516484,0.188072764779085,0.638393927215641,0.450321162436556,33,4,13.37388069981,14.667798813565,17.7581029041273,1.29391811375491,4.38422220431725,3.09030409056234,13,4,4.41447818323533,4.91565207256232,6.16726117201273,0.501173889326987,1.75278298877739,1.25160909945041
"36","Belize",NA,9,0,0,0,NA,NA,NA,NA,5,NA,NA,NA,NA,NA,NA,NA,33,NA,NA,NA,NA,NA,NA,NA,13,NA,NA,NA,NA,NA,NA
"37","Benin",NA,1,0,0,0,NA,NA,NA,NA,1,NA,NA,NA,NA,NA,NA,NA,5,NA,NA,NA,NA,NA,NA,NA,2,NA,NA,NA,NA,NA,NA
"38","Bermuda",NA,22,0,0,0,NA,NA,NA,NA,9,NA,NA,NA,NA,NA,NA,NA,63,NA,NA,NA,NA,NA,NA,NA,33,NA,NA,NA,NA,NA,NA
"39","Bhutan",NA,2,0,0,0,NA,NA,NA,NA,1,NA,NA,NA,NA,NA,NA,NA,4,NA,NA,NA,NA,NA,NA,NA,0,NA,NA,NA,NA,NA,NA
"40","Bihar",NA,3,0,0,0,NA,NA,NA,NA,2,NA,NA,NA,NA,NA,NA,NA,14,NA,NA,NA,NA,NA,NA,NA,9,NA,NA,NA,NA,NA,NA
"41","Bolivar",NA,5,0,0,0,NA,NA,NA,NA,4,NA,NA,NA,NA,NA,NA,NA,21,NA,NA,NA,NA,NA,NA,NA,11,NA,NA,NA,NA,NA,NA
"42","Bolivia",NA,6,0,0,0,NA,NA,NA,NA,4,NA,NA,NA,NA,NA,NA,NA,19,NA,NA,NA,NA,NA,NA,NA,5,NA,NA,NA,NA,NA,NA
"43","Bosnia and Herzegovina",NA,1,0,0,0,NA,NA,NA,NA,1,NA,NA,NA,NA,NA,NA,NA,14,NA,NA,NA,NA,NA,NA,NA,6,NA,NA,NA,NA,NA,NA
"44","Botswana",NA,NA,0,0,0,NA,NA,NA,NA,NA,NA,NA,NA,NA,NA,NA,NA,NA,NA,NA,NA,NA,NA,NA,NA,NA,NA,NA,NA,NA,NA,NA
"45","Bouvet Island",NA,NA,0,0,0,NA,NA,NA,NA,NA,NA,NA,NA,NA,NA,NA,NA,NA,NA,NA,NA,NA,NA,NA,NA,NA,NA,NA,NA,NA,NA,NA
"46","Boyaca",NA,2,0,0,0,NA,NA,NA,NA,2,NA,NA,NA,NA,NA,NA,NA,11,NA,NA,NA,NA,NA,NA,NA,6,NA,NA,NA,NA,NA,NA
"47","British Columbia",4,5,0.0552421062894678,0.0702292959875619,0.156089893347947,0.0149871896980941,0.100847787058479,0.0858605973603853,3,1,0.0550939893450824,0.0700427591423895,0.155681839858836,0.0149487697973071,0.100587850513753,0.0856390807164461,17,10,0.220300622220672,0.281866785911983,0.644567395092489,0.0615661636913111,0.424266772871817,0.362700609180506,19,4,0.319776135536789,0.407775157488834,0.91745567373627,0.0879990219520448,0.597679538199481,0.509680516247436
"48","Buenos Aires",1,5,0.0997588527747375,0.131759711762685,0.170185453237795,0.0320008589879476,0.0704266004630574,0.0384257414751098,NA,2,NA,NA,NA,NA,NA,NA,NA,10,NA,NA,NA,NA,NA,NA,NA,7,NA,NA,NA,NA,NA,NA
"49","Bulgaria",1,3,0.0129644883438108,0.0179091813677479,0.0287375365877577,0.00494469302393703,0.0157730482439469,0.0108283552200099,NA,3,NA,NA,NA,NA,NA,NA,NA,18,NA,NA,NA,NA,NA,NA,NA,10,NA,NA,NA,NA,NA,NA
"50","Burkina Faso",NA,1,0,0,0,NA,NA,NA,NA,1,NA,NA,NA,NA,NA,NA,NA,1,NA,NA,NA,NA,NA,NA,NA,3,NA,NA,NA,NA,NA,NA
"51","Burundi",NA,NA,0,0,0,NA,NA,NA,NA,NA,NA,NA,NA,NA,NA,NA,NA,NA,NA,NA,NA,NA,NA,NA,NA,NA,NA,NA,NA,NA,NA,NA
"52","Belarus",1,NA,0.00176955842392261,0.00224022171066971,0.0058099526771126,0.000470663286747096,0.00404039425318999,0.00356973096644289,NA,NA,NA,NA,NA,NA,NA,NA,NA,NA,NA,NA,NA,NA,NA,NA,NA,NA,NA,NA,NA,NA,NA,NA
"53","Caldas",NA,6,0,0,0,NA,NA,NA,NA,4,NA,NA,NA,NA,NA,NA,NA,21,NA,NA,NA,NA,NA,NA,NA,11,NA,NA,NA,NA,NA,NA
"54","California",2,24,0.793351953436706,0.79776955171055,0.806648715371457,0.0044175982738442,0.0132967619347516,0.00887916366090739,NA,10,NA,NA,NA,NA,NA,NA,NA,78,NA,NA,NA,NA,NA,NA,NA,49,NA,NA,NA,NA,NA,NA
"55","Cambodia",NA,5,0,0,0,NA,NA,NA,NA,4,NA,NA,NA,NA,NA,NA,NA,29,NA,NA,NA,NA,NA,NA,NA,23,NA,NA,NA,NA,NA,NA
"56","Cameroon",NA,9,0,0,0,NA,NA,NA,NA,9,NA,NA,NA,NA,NA,NA,NA,65,NA,NA,NA,NA,NA,NA,NA,38,NA,NA,NA,NA,NA,NA
"57","Campeche",NA,7,0,0,0,NA,NA,NA,NA,6,NA,NA,NA,NA,NA,NA,NA,41,NA,NA,NA,NA,NA,NA,NA,27,NA,NA,NA,NA,NA,NA
"58","Cape Verde archipelago",NA,12,0,0,0,NA,NA,NA,NA,6,NA,NA,NA,NA,NA,NA,NA,29,NA,NA,NA,NA,NA,NA,NA,13,NA,NA,NA,NA,NA,NA
"59","Caqueta",NA,2,0,0,0,NA,NA,NA,NA,2,NA,NA,NA,NA,NA,NA,NA,10,NA,NA,NA,NA,NA,NA,NA,7,NA,NA,NA,NA,NA,NA
"60","Casanare",NA,2,0,0,0,NA,NA,NA,NA,2,NA,NA,NA,NA,NA,NA,NA,10,NA,NA,NA,NA,NA,NA,NA,7,NA,NA,NA,NA,NA,NA
"61","Catamarca",NA,1,0,0,0,NA,NA,NA,NA,1,NA,NA,NA,NA,NA,NA,NA,5,NA,NA,NA,NA,NA,NA,NA,5,NA,NA,NA,NA,NA,NA
"62","Cauca",NA,12,0,0,0,NA,NA,NA,NA,6,NA,NA,NA,NA,NA,NA,NA,30,NA,NA,NA,NA,NA,NA,NA,11,NA,NA,NA,NA,NA,NA
"63","Cayman Islands",NA,7,0,0,0,NA,NA,NA,NA,4,NA,NA,NA,NA,NA,NA,NA,29,NA,NA,NA,NA,NA,NA,NA,23,NA,NA,NA,NA,NA,NA
"64","Ceara",NA,6,0,0,0,NA,NA,NA,NA,5,NA,NA,NA,NA,NA,NA,NA,34,NA,NA,NA,NA,NA,NA,NA,13,NA,NA,NA,NA,NA,NA
"65","Central African Republic",NA,3,0,0,0,NA,NA,NA,NA,3,NA,NA,NA,NA,NA,NA,NA,18,NA,NA,NA,NA,NA,NA,NA,18,NA,NA,NA,NA,NA,NA
"66","Cesar",NA,2,0,0,0,NA,NA,NA,NA,2,NA,NA,NA,NA,NA,NA,NA,10,NA,NA,NA,NA,NA,NA,NA,7,NA,NA,NA,NA,NA,NA
"67","Chaco",NA,NA,0,0,0,NA,NA,NA,NA,NA,NA,NA,NA,NA,NA,NA,NA,NA,NA,NA,NA,NA,NA,NA,NA,NA,NA,NA,NA,NA,NA,NA
"68","Chad",NA,1,0,0,0,NA,NA,NA,NA,1,NA,NA,NA,NA,NA,NA,NA,1,NA,NA,NA,NA,NA,NA,NA,3,NA,NA,NA,NA,NA,NA
"69","Chiapas",NA,17,0,0,0,NA,NA,NA,NA,7,NA,NA,NA,NA,NA,NA,NA,46,NA,NA,NA,NA,NA,NA,NA,27,NA,NA,NA,NA,NA,NA
"70","Chihuahua",NA,3,0,0,0,NA,NA,NA,NA,2,NA,NA,NA,NA,NA,NA,NA,5,NA,NA,NA,NA,NA,NA,NA,9,NA,NA,NA,NA,NA,NA
"71","Choco",NA,1,0,0,0,NA,NA,NA,NA,1,NA,NA,NA,NA,NA,NA,NA,5,NA,NA,NA,NA,NA,NA,NA,2,NA,NA,NA,NA,NA,NA
"72","Christmas Island",NA,25,0,0,0,NA,NA,NA,NA,11,NA,NA,NA,NA,NA,NA,NA,67,NA,NA,NA,NA,NA,NA,NA,38,NA,NA,NA,NA,NA,NA
"73","Chubu",3,9,0.354823784014245,0.400483573053496,0.518543107484597,0.0456597890392504,0.163719323470352,0.118059534431102,1,5,0.0684103789157666,0.0842187826236908,0.130595888052506,0.0158084037079242,0.0621855091367397,0.0463771054288155,9,28,0.615693410241899,0.757969043613217,1.17536299247256,0.142275633371318,0.559669582230657,0.41739394885934,9,13,0.615693410241899,0.757969043613217,1.17536299247256,0.142275633371318,0.559669582230657,0.41739394885934
"74","Chubut",NA,2,0,0,0,NA,NA,NA,NA,2,NA,NA,NA,NA,NA,NA,NA,17,NA,NA,NA,NA,NA,NA,NA,8,NA,NA,NA,NA,NA,NA
"75","Chugoku",2,9,0.291784589087602,0.320615427775904,0.392422505614744,0.0288308386883018,0.100637916527142,0.0718070778388404,NA,3,NA,NA,NA,NA,NA,NA,NA,23,NA,NA,NA,NA,NA,NA,NA,8,NA,NA,NA,NA,NA,NA
"76","Clipperton Island",NA,2,0,0,0,NA,NA,NA,NA,1,NA,NA,NA,NA,NA,NA,NA,5,NA,NA,NA,NA,NA,NA,NA,0,NA,NA,NA,NA,NA,NA
"77","Coahuila",NA,2,0,0,0,NA,NA,NA,NA,2,NA,NA,NA,NA,NA,NA,NA,19,NA,NA,NA,NA,NA,NA,NA,21,NA,NA,NA,NA,NA,NA
"78","Cocos (Keeling) Islands",NA,12,0,0,0,NA,NA,NA,NA,8,NA,NA,NA,NA,NA,NA,NA,65,NA,NA,NA,NA,NA,NA,NA,34,NA,NA,NA,NA,NA,NA
"79","Colima",NA,5,0,0,0,NA,NA,NA,NA,3,NA,NA,NA,NA,NA,NA,NA,24,NA,NA,NA,NA,NA,NA,NA,16,NA,NA,NA,NA,NA,NA
"80","Colorado",2,3,0.0939579953509077,0.109884788838464,0.158590317555689,0.015926793487556,0.0646323222047815,0.0487055287172255,1,NA,0.0935652177848026,0.109383177784268,0.157682711280399,0.0158179599994653,0.0641174934955959,0.0482995334961305,4,NA,0.374260871139211,0.437532711137072,0.630730845121594,0.0632718399978613,0.256469973982383,0.193198133984522,0,NA,0,0,0,0,0,0
"81","Comoros",NA,35,0,0,0,NA,NA,NA,NA,11,NA,NA,NA,NA,NA,NA,NA,58,NA,NA,NA,NA,NA,NA,NA,29,NA,NA,NA,NA,NA,NA
"82","Congo",NA,2,0,0,0,NA,NA,NA,NA,2,NA,NA,NA,NA,NA,NA,NA,18,NA,NA,NA,NA,NA,NA,NA,12,NA,NA,NA,NA,NA,NA
"83","Connecticut",5,4,0.260654638429081,0.33709513954593,0.57312918224905,0.0764405011168494,0.312474543819969,0.23603404270312,4,1,0.260127668031047,0.336364967883044,0.571635884756955,0.076237299851997,0.311508216725908,0.235270916873911,23,9,0.706217199900265,0.892665167035186,1.48029815703051,0.186447967134921,0.774080957130243,0.587632989995322,12,6,0.575274650538973,0.77731948383711,1.42811665327135,0.202044833298137,0.852842002732378,0.650797169434241
"84","Cook Islands",NA,26,0,0,0,NA,NA,NA,NA,13,NA,NA,NA,NA,NA,NA,NA,87,NA,NA,NA,NA,NA,NA,NA,44,NA,NA,NA,NA,NA,NA
"85","Coral Sea Islands",NA,NA,0,0,0,NA,NA,NA,NA,NA,NA,NA,NA,NA,NA,NA,NA,NA,NA,NA,NA,NA,NA,NA,NA,NA,NA,NA,NA,NA,NA,NA
"86","Corrientes",NA,1,0,0,0,NA,NA,NA,NA,NA,NA,NA,NA,NA,NA,NA,NA,NA,NA,NA,NA,NA,NA,NA,NA,NA,NA,NA,NA,NA,NA,NA
"87","Corsica",2,4,0.691798751602045,0.76964254685556,0.840400360733308,0.0778437952535145,0.148601609131263,0.0707578138777485,1,2,0.68481342050624,0.759777115020882,0.8260817267684,0.0749636945146418,0.141268306262159,0.0663046117475177,0,18,0,0,0,0,0,0,4,6,2.73925368202496,3.03910846008353,3.3043269070736,0.299854778058567,0.565073225048638,0.265218446990071
"88","Costa Rica",NA,17,0,0,0,NA,NA,NA,NA,9,NA,NA,NA,NA,NA,NA,NA,58,NA,NA,NA,NA,NA,NA,NA,27,NA,NA,NA,NA,NA,NA
"89","Croatia",2,1,0.445607608754303,0.509725859971324,0.626354822555494,0.0641182512170211,0.180747213801191,0.11662896258417,NA,1,NA,NA,NA,NA,NA,NA,NA,4,NA,NA,NA,NA,NA,NA,NA,0,NA,NA,NA,NA,NA,NA
"90","Cuba",NA,37,0,0,0,NA,NA,NA,NA,12,NA,NA,NA,NA,NA,NA,NA,67,NA,NA,NA,NA,NA,NA,NA,34,NA,NA,NA,NA,NA,NA
"91","Cundinamarca",NA,5,0,0,0,NA,NA,NA,NA,3,NA,NA,NA,NA,NA,NA,NA,16,NA,NA,NA,NA,NA,NA,NA,11,NA,NA,NA,NA,NA,NA
"92","Cyprus",NA,8,0,0,0,NA,NA,NA,NA,3,NA,NA,NA,NA,NA,NA,NA,15,NA,NA,NA,NA,NA,NA,NA,17,NA,NA,NA,NA,NA,NA
"93","Czech Republic",4,NA,0.738888102712988,0.9044628386896,1.23133886308729,0.165574735976612,0.492450760374299,0.326876024397688,3,NA,0.734959881937249,0.898829774166521,1.22040485412277,0.163869892229272,0.485444972185524,0.321575079956252,10,NA,1.09265168987057,1.43338203090635,2.27956861949854,0.340730341035784,1.18691692962797,0.84618658859219,11,NA,2.91407585821751,3.56959109817425,4.8549907161929,0.655515239956742,1.94091485797538,1.28539961801864
"94","Delaware",1,2,0.00655412961634673,0.0081561499617158,0.0140692901486373,0.00160202034536907,0.00751516053229058,0.00591314018692151,NA,NA,NA,NA,NA,NA,NA,NA,NA,NA,NA,NA,NA,NA,NA,NA,NA,NA,NA,NA,NA,NA,NA,NA
"95","Zaire",NA,7,0,0,0,NA,NA,NA,NA,5,NA,NA,NA,NA,NA,NA,NA,24,NA,NA,NA,NA,NA,NA,NA,17,NA,NA,NA,NA,NA,NA
"96","Denmark",14,2,5.98752837601159,6.44709564036221,8.00798984174291,0.459567264350624,2.02046146573132,1.5608942013807,1,1,0.339301752078309,0.376192886683943,0.504914202395711,0.0368911346056341,0.165612450317402,0.128721315711768,9,0,3.05371576870478,3.38573598015548,4.5442278215614,0.332020211450707,1.49051205285662,1.15849184140592,3,4,1.01790525623493,1.12857866005183,1.51474260718713,0.110673403816902,0.496837350952207,0.386163947135305
"97","District of Columbia",8,5,0.237169919182919,0.282975104333977,0.431191765656967,0.0458051851510575,0.194021846474047,0.14821666132299,4,1,0.216275981191828,0.256221753500074,0.382692362638868,0.039945772308246,0.16641638144704,0.126470609138794,19,9,0.96866345285396,1.15125042764264,1.73299413073864,0.182586974788684,0.764330677884678,0.581743703095994,7,6,0.151183381669632,0.184293804462404,0.296180610201723,0.0331104227927727,0.144997228532091,0.111886805739319
"98","Djibouti",NA,NA,0,0,0,NA,NA,NA,NA,NA,NA,NA,NA,NA,NA,NA,NA,NA,NA,NA,NA,NA,NA,NA,NA,NA,NA,NA,NA,NA,NA,NA
"99","Durango",NA,4,0,0,0,NA,NA,NA,NA,2,NA,NA,NA,NA,NA,NA,NA,17,NA,NA,NA,NA,NA,NA,NA,15,NA,NA,NA,NA,NA,NA
"100","Ecuador",NA,17,0,0,0,NA,NA,NA,NA,11,NA,NA,NA,NA,NA,NA,NA,64,NA,NA,NA,NA,NA,NA,NA,30,NA,NA,NA,NA,NA,NA
"101","Egypt",NA,16,0,0,0,NA,NA,NA,NA,5,NA,NA,NA,NA,NA,NA,NA,15,NA,NA,NA,NA,NA,NA,NA,12,NA,NA,NA,NA,NA,NA
"102","El Salvador",NA,8,0,0,0,NA,NA,NA,NA,5,NA,NA,NA,NA,NA,NA,NA,33,NA,NA,NA,NA,NA,NA,NA,23,NA,NA,NA,NA,NA,NA
"103","Entre Rios",NA,1,0,0,0,NA,NA,NA,NA,NA,NA,NA,NA,NA,NA,NA,NA,NA,NA,NA,NA,NA,NA,NA,NA,NA,NA,NA,NA,NA,NA,NA
"104","Equatorial Guinea",NA,6,0,0,0,NA,NA,NA,NA,5,NA,NA,NA,NA,NA,NA,NA,25,NA,NA,NA,NA,NA,NA,NA,19,NA,NA,NA,NA,NA,NA
"105","Eritrea",NA,4,0,0,0,NA,NA,NA,NA,3,NA,NA,NA,NA,NA,NA,NA,10,NA,NA,NA,NA,NA,NA,NA,8,NA,NA,NA,NA,NA,NA
"106","Espirito Santo",NA,5,0,0,0,NA,NA,NA,NA,3,NA,NA,NA,NA,NA,NA,NA,14,NA,NA,NA,NA,NA,NA,NA,7,NA,NA,NA,NA,NA,NA
"107","Estonia",4,NA,0.438148909972686,0.621930218936197,1.28130469264067,0.183781308963512,0.843155782667985,0.659374473704473,2,NA,0.238192498254595,0.337477897466478,0.713709802953324,0.0992853992118829,0.475517304698729,0.376231905486846,10,NA,1.19096249127297,1.68738948733239,3.56854901476662,0.496426996059414,2.37758652349365,1.88115952743423,5,NA,0.332964783985764,0.479835702048646,1.13028346003409,0.146870918062883,0.797318676048328,0.650447757985446
"108","Ethiopia",NA,4,0,0,0,NA,NA,NA,NA,3,NA,NA,NA,NA,NA,NA,NA,10,NA,NA,NA,NA,NA,NA,NA,8,NA,NA,NA,NA,NA,NA
"109","Europa Island",NA,1,0,0,0,NA,NA,NA,NA,NA,NA,NA,NA,NA,NA,NA,NA,NA,NA,NA,NA,NA,NA,NA,NA,NA,NA,NA,NA,NA,NA,NA
"110","Falkland Islands (Islas Malvinas)",NA,NA,0,0,0,NA,NA,NA,NA,NA,NA,NA,NA,NA,NA,NA,NA,NA,NA,NA,NA,NA,NA,NA,NA,NA,NA,NA,NA,NA,NA,NA
"111","Faroe Islands",NA,NA,0,0,0,NA,NA,NA,NA,NA,NA,NA,NA,NA,NA,NA,NA,NA,NA,NA,NA,NA,NA,NA,NA,NA,NA,NA,NA,NA,NA,NA
"112","Fiji",NA,33,0,0,0,NA,NA,NA,NA,12,NA,NA,NA,NA,NA,NA,NA,70,NA,NA,NA,NA,NA,NA,NA,38,NA,NA,NA,NA,NA,NA
"113","Finland",5,1,0.574972129527621,0.852054757102401,1.62392476806426,0.277082627574781,1.04895263853664,0.771870010961863,2,1,0.331502128847525,0.477134789023497,0.83902107310961,0.145632660175972,0.507518944262084,0.361886284086112,19,0,4.10635885646169,5.86086893958022,9.94571966148738,1.75451008311853,5.83936080502569,4.08485072190715,11,4,2.56766397831377,3.65719901818468,6.15074215417203,1.08953503987091,3.58307817585826,2.49354313598735
"114","Florida",NA,68,0,0,0,NA,NA,NA,NA,16,NA,NA,NA,NA,NA,NA,NA,107,NA,NA,NA,NA,NA,NA,NA,64,NA,NA,NA,NA,NA,NA
"115","Formosa",NA,NA,0,0,0,NA,NA,NA,NA,NA,NA,NA,NA,NA,NA,NA,NA,NA,NA,NA,NA,NA,NA,NA,NA,NA,NA,NA,NA,NA,NA,NA
"116","France",25,11,6.61855024671787,7.45928065664559,9.23265912797904,0.840730409927729,2.61410888126118,1.77337847133345,7,5,1.59074883829097,1.86176607612803,2.43974421122543,0.271017237837057,0.848995372934457,0.5779781350974,49,34,9.99934001612686,11.7640247929009,15.6021943350039,1.76468477677405,5.60285431887699,3.83816954210295,20,20,3.54758926289897,4.20314380373726,5.67135086116366,0.655554540838287,2.12376159826468,1.4682070574264
"117","French Guiana",NA,15,0,0,0,NA,NA,NA,NA,9,NA,NA,NA,NA,NA,NA,NA,63,NA,NA,NA,NA,NA,NA,NA,23,NA,NA,NA,NA,NA,NA
"118","Fujian",1,12,0.0568926247303671,0.0705071184470635,0.108375661526491,0.0136144937166965,0.0514830367961238,0.0378685430794274,NA,6,NA,NA,NA,NA,NA,NA,NA,57,NA,NA,NA,NA,NA,NA,NA,48,NA,NA,NA,NA,NA,NA
"119","Gabon",NA,5,0,0,0,NA,NA,NA,NA,5,NA,NA,NA,NA,NA,NA,NA,32,NA,NA,NA,NA,NA,NA,NA,24,NA,NA,NA,NA,NA,NA
"120","Gambia",NA,8,0,0,0,NA,NA,NA,NA,5,NA,NA,NA,NA,NA,NA,NA,28,NA,NA,NA,NA,NA,NA,NA,20,NA,NA,NA,NA,NA,NA
"121","Gansu",NA,1,0,0,0,NA,NA,NA,NA,1,NA,NA,NA,NA,NA,NA,NA,5,NA,NA,NA,NA,NA,NA,NA,0,NA,NA,NA,NA,NA,NA
"122","Georgia US",1,28,0.0129575279331483,0.0147596304760806,0.020961693059842,0.00180210254293229,0.00800416512669373,0.00620206258376144,NA,11,NA,NA,NA,NA,NA,NA,NA,73,NA,NA,NA,NA,NA,NA,NA,45,NA,NA,NA,NA,NA,NA
"123","Georgia_Europe(country)",2,4,0.202007959359133,0.257525113439209,0.35252255702049,0.0555171540800752,0.150514597661356,0.0949974435812811,NA,2,NA,NA,NA,NA,NA,NA,NA,13,NA,NA,NA,NA,NA,NA,NA,6,NA,NA,NA,NA,NA,NA
"124","Germany",19,9,4.39145043755511,5.0076445360777,6.56159584549513,0.616194098522592,2.17014540794002,1.55395130941743,5,4,1.25386410077413,1.47586884718489,1.99942424841836,0.222004746410764,0.745560147644232,0.523555401233468,28,15,5.41020735862983,6.46015888004209,9.13732488909752,1.04995152141226,3.72711753046769,2.67716600905544,12,8,3.0425204941652,3.5972928052716,4.88915774903469,0.554772311106406,1.84663725486949,1.29186494376309
"125","Ghana",NA,5,0,0,0,NA,NA,NA,NA,3,NA,NA,NA,NA,NA,NA,NA,15,NA,NA,NA,NA,NA,NA,NA,7,NA,NA,NA,NA,NA,NA
"126","Goias",NA,5,0,0,0,NA,NA,NA,NA,3,NA,NA,NA,NA,NA,NA,NA,15,NA,NA,NA,NA,NA,NA,NA,5,NA,NA,NA,NA,NA,NA
"127","Greece",2,11,0.103959345808452,0.149004980601893,0.20527239778441,0.0450456347934415,0.101313051975958,0.0562674171825166,1,3,0.095057922396113,0.135471296684047,0.185318297560459,0.0404133742879336,0.090260375164346,0.0498470008764124,9,18,0.855521301565017,1.21924167015642,1.66786467804413,0.363720368591403,0.812343376479114,0.448623007887712,9,10,0.855521301565017,1.21924167015642,1.66786467804413,0.363720368591403,0.812343376479114,0.448623007887712
"128","Greenland",NA,NA,0,0,0,NA,NA,NA,NA,NA,NA,NA,NA,NA,NA,NA,NA,NA,NA,NA,NA,NA,NA,NA,NA,NA,NA,NA,NA,NA,NA,NA
"129","Guainia",NA,1,0,0,0,NA,NA,NA,NA,1,NA,NA,NA,NA,NA,NA,NA,5,NA,NA,NA,NA,NA,NA,NA,2,NA,NA,NA,NA,NA,NA
"130","Guanajuato",NA,4,0,0,0,NA,NA,NA,NA,3,NA,NA,NA,NA,NA,NA,NA,33,NA,NA,NA,NA,NA,NA,NA,27,NA,NA,NA,NA,NA,NA
"131","Guangdong",NA,18,0,0,0,NA,NA,NA,NA,6,NA,NA,NA,NA,NA,NA,NA,48,NA,NA,NA,NA,NA,NA,NA,39,NA,NA,NA,NA,NA,NA
"132","Guangxi",NA,14,0,0,0,NA,NA,NA,NA,7,NA,NA,NA,NA,NA,NA,NA,53,NA,NA,NA,NA,NA,NA,NA,39,NA,NA,NA,NA,NA,NA
"133","Guatemala",NA,8,0,0,0,NA,NA,NA,NA,5,NA,NA,NA,NA,NA,NA,NA,34,NA,NA,NA,NA,NA,NA,NA,13,NA,NA,NA,NA,NA,NA
"134","Guaviare",NA,2,0,0,0,NA,NA,NA,NA,2,NA,NA,NA,NA,NA,NA,NA,10,NA,NA,NA,NA,NA,NA,NA,7,NA,NA,NA,NA,NA,NA
"135","Guerrero",NA,7,0,0,0,NA,NA,NA,NA,3,NA,NA,NA,NA,NA,NA,NA,24,NA,NA,NA,NA,NA,NA,NA,16,NA,NA,NA,NA,NA,NA
"136","Guinea",NA,5,0,0,0,NA,NA,NA,NA,5,NA,NA,NA,NA,NA,NA,NA,24,NA,NA,NA,NA,NA,NA,NA,19,NA,NA,NA,NA,NA,NA
"137","Guinea-Bissau",NA,NA,0,0,0,NA,NA,NA,NA,NA,NA,NA,NA,NA,NA,NA,NA,NA,NA,NA,NA,NA,NA,NA,NA,NA,NA,NA,NA,NA,NA,NA
"138","Guizhou",NA,4,0,0,0,NA,NA,NA,NA,2,NA,NA,NA,NA,NA,NA,NA,10,NA,NA,NA,NA,NA,NA,NA,5,NA,NA,NA,NA,NA,NA
"139","Gujarat",NA,4,0,0,0,NA,NA,NA,NA,1,NA,NA,NA,NA,NA,NA,NA,9,NA,NA,NA,NA,NA,NA,NA,9,NA,NA,NA,NA,NA,NA
"140","Guyana",NA,9,0,0,0,NA,NA,NA,NA,7,NA,NA,NA,NA,NA,NA,NA,44,NA,NA,NA,NA,NA,NA,NA,17,NA,NA,NA,NA,NA,NA
"141","Hainan",NA,8,0,0,0,NA,NA,NA,NA,4,NA,NA,NA,NA,NA,NA,NA,29,NA,NA,NA,NA,NA,NA,NA,33,NA,NA,NA,NA,NA,NA
"142","Haryana",NA,3,0,0,0,NA,NA,NA,NA,NA,NA,NA,NA,NA,NA,NA,NA,NA,NA,NA,NA,NA,NA,NA,NA,NA,NA,NA,NA,NA,NA,NA
"143","Hawaii",NA,60,0,0,0,NA,NA,NA,NA,17,NA,NA,NA,NA,NA,NA,NA,111,NA,NA,NA,NA,NA,NA,NA,59,NA,NA,NA,NA,NA,NA
"144","Heard Island & McDonald Islands",NA,NA,0,0,0,NA,NA,NA,NA,NA,NA,NA,NA,NA,NA,NA,NA,NA,NA,NA,NA,NA,NA,NA,NA,NA,NA,NA,NA,NA,NA,NA
"145","Hebei",1,NA,0.000557170327043774,0.000748898502403209,0.00154015409414994,0.000191728175359435,0.000982983767106163,0.000791255591746728,NA,NA,NA,NA,NA,NA,NA,NA,NA,NA,NA,NA,NA,NA,NA,NA,NA,NA,NA,NA,NA,NA,NA,NA
"146","Heilongjiang",1,1,2.41035963551995e-05,3.79729212953616e-05,9.47870800415907e-05,1.38693249401622e-05,7.06834836863913e-05,5.68141587462291e-05,NA,NA,NA,NA,NA,NA,NA,NA,NA,NA,NA,NA,NA,NA,NA,NA,NA,NA,NA,NA,NA,NA,NA,NA
"147","Henan",1,5,0.0288800810416887,0.0372582174645607,0.0644608786872979,0.00837813642287202,0.0355807976456093,0.0272026612227373,NA,3,NA,NA,NA,NA,NA,NA,NA,15,NA,NA,NA,NA,NA,NA,NA,5,NA,NA,NA,NA,NA,NA
"148","Hidalgo",NA,18,0,0,0,NA,NA,NA,NA,8,NA,NA,NA,NA,NA,NA,NA,57,NA,NA,NA,NA,NA,NA,NA,25,NA,NA,NA,NA,NA,NA
"149","Himachal Pradesh",NA,8,0,0,0,NA,NA,NA,NA,3,NA,NA,NA,NA,NA,NA,NA,18,NA,NA,NA,NA,NA,NA,NA,9,NA,NA,NA,NA,NA,NA
"150","Hokkaido",3,NA,0.380623328758787,0.504440833313873,0.824893604384543,0.123817504555085,0.444270275625756,0.320452771070671,1,NA,0.132792402122763,0.188032302357761,0.33781633506157,0.0552399002349983,0.205023932938807,0.149784032703808,0,NA,0,0,0,0,0,0,4,NA,0.531169608491052,0.752129209431045,1.35126534024628,0.220959600939993,0.820095731755227,0.599136130815234
"151","Honduras",NA,14,0,0,0,NA,NA,NA,NA,7,NA,NA,NA,NA,NA,NA,NA,39,NA,NA,NA,NA,NA,NA,NA,16,NA,NA,NA,NA,NA,NA
"152","Hong Kong",NA,18,0,0,0,NA,NA,NA,NA,6,NA,NA,NA,NA,NA,NA,NA,48,NA,NA,NA,NA,NA,NA,NA,39,NA,NA,NA,NA,NA,NA
"153","Howland Island",NA,NA,0,0,0,NA,NA,NA,NA,NA,NA,NA,NA,NA,NA,NA,NA,NA,NA,NA,NA,NA,NA,NA,NA,NA,NA,NA,NA,NA,NA,NA
"154","Hubei",1,5,0.0258527683915684,0.0337087257813717,0.0560517144951601,0.00785595738980322,0.0301989461035917,0.0223429887137885,NA,3,NA,NA,NA,NA,NA,NA,NA,24,NA,NA,NA,NA,NA,NA,NA,21,NA,NA,NA,NA,NA,NA
"155","Huila",NA,8,0,0,0,NA,NA,NA,NA,6,NA,NA,NA,NA,NA,NA,NA,30,NA,NA,NA,NA,NA,NA,NA,11,NA,NA,NA,NA,NA,NA
"156","Hunan",1,9,0.0188019943473202,0.0255389988417771,0.0418691404783593,0.00673700449445692,0.0230671461310391,0.0163301416365822,NA,5,NA,NA,NA,NA,NA,NA,NA,30,NA,NA,NA,NA,NA,NA,NA,24,NA,NA,NA,NA,NA,NA
"157","Hungary",9,2,0.907748689806294,1.11452588737991,1.67674500746862,0.20677719757362,0.768996317662327,0.562219120088707,3,1,0.489462423912106,0.595533152739391,0.866158919666785,0.106070728827286,0.37669649575468,0.270625766927394,9,4,0.955973589392754,1.13298024693485,1.60122712529642,0.177006657542095,0.645253535903665,0.46824687836157,6,0,1.1089801584487,1.38084850928503,2.06775000883469,0.271868350836332,0.958769850385996,0.686901499549665
"158","Iceland",NA,1,0,0,0,NA,NA,NA,NA,1,NA,NA,NA,NA,NA,NA,NA,10,NA,NA,NA,NA,NA,NA,NA,4,NA,NA,NA,NA,NA,NA
"159","Idaho",2,1,0.163798877842314,0.217209960507573,0.334192009071221,0.0534110826652589,0.170393131228906,0.116982048563648,1,NA,0.161753397071969,0.214171376000972,0.328265304600017,0.0524179789290036,0.166511907528048,0.114093928599045,14,NA,2.26454755900756,2.99839926401361,4.59571426440023,0.73385170500605,2.33116670539267,1.59731500038662,6,NA,0.970520382431811,1.28502825600583,1.9695918276001,0.314507873574022,0.999071445168289,0.684563571594268
"160","Illinois",9,2,0.503893009741846,0.571890696513085,0.932469308782435,0.067997686771239,0.428576299040589,0.36057861226935,6,NA,0.46444265378661,0.525148342948818,0.841625646938601,0.0607056891622086,0.377182993151991,0.316477303989783,41,NA,3.18979189977429,3.63736089359311,6.01024512196767,0.447568993818824,2.82045322219338,2.37288422837456,26,NA,1.87422972846421,2.16220646350224,3.72164271472131,0.287976735038035,1.8474129862571,1.55943625121907
"161","Indiana",4,3,0.315485797152709,0.364471377228606,0.561654098647643,0.0489855800758974,0.246168301494934,0.197182721419036,2,1,0.256630084515283,0.295380713639112,0.448640910479687,0.0387506291238296,0.192010825964405,0.153260196840575,19,9,2.83767455155252,3.2503563531224,4.85135382528142,0.412681801569883,2.01367927372889,1.60099747215901,11,6,1.45587532579598,1.67395387763188,2.5329989160521,0.218078551835897,1.07712359025612,0.859045038420223
"162","Maluku Islands",NA,14,0,0,0,NA,NA,NA,NA,9,NA,NA,NA,NA,NA,NA,NA,57,NA,NA,NA,NA,NA,NA,NA,28,NA,NA,NA,NA,NA,NA
"163","Iowa",2,1,0.0293583348405442,0.0344126133557658,0.0576635032440168,0.00505427851522165,0.0283051684034726,0.0232508898882509,1,NA,0.0284750637712494,0.033316014381522,0.0554322695511021,0.00484095061027253,0.0269572057798527,0.0221162551695802,5,NA,0.142375318856247,0.16658007190761,0.277161347755511,0.0242047530513627,0.134786028899263,0.110581275847901,2,NA,0.0569501275424989,0.0666320287630439,0.110864539102204,0.00968190122054507,0.0539144115597054,0.0442325103391603
"164","Iran",NA,19,0,0,0,NA,NA,NA,NA,7,NA,NA,NA,NA,NA,NA,NA,43,NA,NA,NA,NA,NA,NA,NA,24,NA,NA,NA,NA,NA,NA
"165","Iraq",NA,11,0,0,0,NA,NA,NA,NA,4,NA,NA,NA,NA,NA,NA,NA,25,NA,NA,NA,NA,NA,NA,NA,16,NA,NA,NA,NA,NA,NA
"166","Ireland",10,NA,5.3833094816347,5.63081049858828,6.11694627844073,0.247501016953579,0.733636796806029,0.48613577985245,5,NA,3.3163375068177,3.43914400403877,3.67305469753475,0.122806497221068,0.356717190717056,0.233910693495988,32,NA,18.6989466497535,19.5989276234008,21.3527580395858,0.899980973647278,2.65381138983222,1.75383041618494,13,NA,8.4529021287279,8.77783229240146,9.40217632225225,0.324930163673562,0.949274193524349,0.624344029850787
"167","Israel and Palestine",NA,21,0,0,0,NA,NA,NA,NA,8,NA,NA,NA,NA,NA,NA,NA,36,NA,NA,NA,NA,NA,NA,NA,22,NA,NA,NA,NA,NA,NA
"168","Italy",15,8,2.16760023773818,2.66531459218127,3.53445383802907,0.497714354443086,1.36685360029088,0.869139245847797,5,4,0.548006159513468,0.709729494578009,0.995779618684622,0.161723335064541,0.447773459171154,0.286050124106613,38,22,3.81431214129888,4.97712224987657,7.06365187600504,1.16281010857769,3.24933973470616,2.08652962612847,16,10,1.50642443211598,1.98019579192251,2.8403591122054,0.473771359806527,1.33393468008941,0.860163320282886
"169","Ivory Coast",NA,8,0,0,0,NA,NA,NA,NA,6,NA,NA,NA,NA,NA,NA,NA,34,NA,NA,NA,NA,NA,NA,NA,17,NA,NA,NA,NA,NA,NA
"170","Jalisco",NA,20,0,0,0,NA,NA,NA,NA,13,NA,NA,NA,NA,NA,NA,NA,90,NA,NA,NA,NA,NA,NA,NA,59,NA,NA,NA,NA,NA,NA
"171","Jamaica",NA,23,0,0,0,NA,NA,NA,NA,10,NA,NA,NA,NA,NA,NA,NA,71,NA,NA,NA,NA,NA,NA,NA,46,NA,NA,NA,NA,NA,NA
"172","Jammu & Kashmir",NA,5,0,0,0,NA,NA,NA,NA,2,NA,NA,NA,NA,NA,NA,NA,14,NA,NA,NA,NA,NA,NA,NA,9,NA,NA,NA,NA,NA,NA
"173","Jan Mayen",NA,NA,0,0,0,NA,NA,NA,NA,NA,NA,NA,NA,NA,NA,NA,NA,NA,NA,NA,NA,NA,NA,NA,NA,NA,NA,NA,NA,NA,NA,NA
"174","Java",NA,14,0,0,0,NA,NA,NA,NA,6,NA,NA,NA,NA,NA,NA,NA,34,NA,NA,NA,NA,NA,NA,NA,27,NA,NA,NA,NA,NA,NA
"175","Jiangsu",1,4,0.0222798610042448,0.0286548315504099,0.0495883254340365,0.00637497054616514,0.0273084644297918,0.0209334938836266,NA,1,NA,NA,NA,NA,NA,NA,NA,5,NA,NA,NA,NA,NA,NA,NA,0,NA,NA,NA,NA,NA,NA
"176","Jiangxi",NA,3,0,0,0,NA,NA,NA,NA,2,NA,NA,NA,NA,NA,NA,NA,19,NA,NA,NA,NA,NA,NA,NA,21,NA,NA,NA,NA,NA,NA
"177","Jilin",1,NA,4.2280605973186e-05,6.59777720726161e-05,0.000159902017585266,2.36971660994302e-05,0.00011762141161208,9.39242455126503e-05,NA,NA,NA,NA,NA,NA,NA,NA,NA,NA,NA,NA,NA,NA,NA,NA,NA,NA,NA,NA,NA,NA,NA,NA
"178","Johnston Atoll",NA,2,0,0,0,NA,NA,NA,NA,1,NA,NA,NA,NA,NA,NA,NA,4,NA,NA,NA,NA,NA,NA,NA,0,NA,NA,NA,NA,NA,NA
"179","Jordan",NA,2,0,0,0,NA,NA,NA,NA,2,NA,NA,NA,NA,NA,NA,NA,1,NA,NA,NA,NA,NA,NA,NA,7,NA,NA,NA,NA,NA,NA
"180","Jujuy",NA,NA,0,0,0,NA,NA,NA,NA,NA,NA,NA,NA,NA,NA,NA,NA,NA,NA,NA,NA,NA,NA,NA,NA,NA,NA,NA,NA,NA,NA,NA
"181","Kaliningradskaya oblast",1,NA,0.00396174229114019,0.00498290275864255,0.0112700974772766,0.00102116046750236,0.00730835518613644,0.00628719471863408,NA,NA,NA,NA,NA,NA,NA,NA,NA,NA,NA,NA,NA,NA,NA,NA,NA,NA,NA,NA,NA,NA,NA,NA
"182","Kansas",2,NA,0.0798913424879937,0.0861671795236523,0.12063729503215,0.00627583703565862,0.0407459525441566,0.034470115508498,1,NA,0.0763419826604471,0.0822161384009148,0.114223426998908,0.00587415574046764,0.0378814443384606,0.032007288597993,5,NA,0.381709913302236,0.411080692004574,0.571117134994539,0.0293707787023382,0.189407221692303,0.160036442989965,2,NA,0.152683965320894,0.16443227680183,0.228446853997816,0.0117483114809353,0.0757628886769212,0.064014577195986
"183","Kanto",4,10,1.14498116675806,1.27653752271647,1.57949061288928,0.131556355958404,0.43450944613122,0.302953090172816,2,5,0.803978612756211,0.903846988003926,1.1297576075369,0.0998683752477142,0.325778994780691,0.225910619532977,10,37,4.01989306378106,4.51923494001963,5.64878803768451,0.499341876238571,1.62889497390346,1.12955309766488,5,16,1.30988383970105,1.52649611556143,2.07560059904528,0.216612275860388,0.765716759344236,0.549104483483849
"184","Karnataka",NA,11,0,0,0,NA,NA,NA,NA,3,NA,NA,NA,NA,NA,NA,NA,18,NA,NA,NA,NA,NA,NA,NA,9,NA,NA,NA,NA,NA,NA
"185","Kazakhstan",1,NA,0.000194394460722926,0.000303599430258503,0.00077803409256563,0.000109204969535577,0.000583639631842704,0.000474434662307127,NA,NA,NA,NA,NA,NA,NA,NA,NA,NA,NA,NA,NA,NA,NA,NA,NA,NA,NA,NA,NA,NA,NA,NA
"186","Kentucky",1,2,0.00609827639298164,0.00683462165755684,0.0106605629730428,0.000736345264575207,0.00456228658006119,0.00382594131548599,NA,1,NA,NA,NA,NA,NA,NA,NA,9,NA,NA,NA,NA,NA,NA,NA,6,NA,NA,NA,NA,NA,NA
"187","Kenya",NA,9,0,0,0,NA,NA,NA,NA,5,NA,NA,NA,NA,NA,NA,NA,25,NA,NA,NA,NA,NA,NA,NA,13,NA,NA,NA,NA,NA,NA
"188","Kerala",NA,15,0,0,0,NA,NA,NA,NA,3,NA,NA,NA,NA,NA,NA,NA,18,NA,NA,NA,NA,NA,NA,NA,9,NA,NA,NA,NA,NA,NA
"189","Kinki",2,13,0.265395474720691,0.31005423823957,0.425710602918502,0.0446587635188791,0.160315128197811,0.115656364678931,1,5,0.256471619427577,0.298899222032219,0.407306881929056,0.0424276026046422,0.150835262501479,0.108407659896837,5,28,1.28235809713789,1.4944961101611,2.03653440964528,0.212138013023211,0.754176312507396,0.542038299484185,5,10,1.28235809713789,1.4944961101611,2.03653440964528,0.212138013023211,0.754176312507396,0.542038299484185
"190","Kiribati",NA,21,0,0,0,NA,NA,NA,NA,10,NA,NA,NA,NA,NA,NA,NA,65,NA,NA,NA,NA,NA,NA,NA,34,NA,NA,NA,NA,NA,NA
"191","Kuwait",NA,6,0,0,0,NA,NA,NA,NA,4,NA,NA,NA,NA,NA,NA,NA,20,NA,NA,NA,NA,NA,NA,NA,15,NA,NA,NA,NA,NA,NA
"192","Kyrgyzstan",1,1,0.000387071130812156,0.000528152813909881,0.0011558637456096,0.000141081683097724,0.000768792614797446,0.000627710931699722,NA,1,NA,NA,NA,NA,NA,NA,NA,4,NA,NA,NA,NA,NA,NA,NA,0,NA,NA,NA,NA,NA,NA
"193","Kyushu",2,20,0.240815584667111,0.259242690882347,0.317543051191587,0.0184271062152362,0.0767274665244765,0.0583003603092404,NA,6,NA,NA,NA,NA,NA,NA,NA,42,NA,NA,NA,NA,NA,NA,NA,24,NA,NA,NA,NA,NA,NA
"194","La Guajira",NA,4,0,0,0,NA,NA,NA,NA,2,NA,NA,NA,NA,NA,NA,NA,10,NA,NA,NA,NA,NA,NA,NA,7,NA,NA,NA,NA,NA,NA
"195","La Pampa",NA,NA,0,0,0,NA,NA,NA,NA,NA,NA,NA,NA,NA,NA,NA,NA,NA,NA,NA,NA,NA,NA,NA,NA,NA,NA,NA,NA,NA,NA,NA
"196","La Rioja",NA,2,0,0,0,NA,NA,NA,NA,2,NA,NA,NA,NA,NA,NA,NA,19,NA,NA,NA,NA,NA,NA,NA,11,NA,NA,NA,NA,NA,NA
"197","Lakshadweep",NA,1,0,0,0,NA,NA,NA,NA,1,NA,NA,NA,NA,NA,NA,NA,14,NA,NA,NA,NA,NA,NA,NA,9,NA,NA,NA,NA,NA,NA
"198","Laos",NA,7,0,0,0,NA,NA,NA,NA,3,NA,NA,NA,NA,NA,NA,NA,15,NA,NA,NA,NA,NA,NA,NA,17,NA,NA,NA,NA,NA,NA
"199","Latvia",1,NA,0.00213241586972238,0.00294458565539545,0.00788286749272125,0.000812169785673078,0.00575045162299888,0.0049382818373258,NA,NA,NA,NA,NA,NA,NA,NA,NA,NA,NA,NA,NA,NA,NA,NA,NA,NA,NA,NA,NA,NA,NA,NA
"200","Lebanon",NA,11,0,0,0,NA,NA,NA,NA,5,NA,NA,NA,NA,NA,NA,NA,25,NA,NA,NA,NA,NA,NA,NA,18,NA,NA,NA,NA,NA,NA
"201","Lesotho",NA,1,0,0,0,NA,NA,NA,NA,1,NA,NA,NA,NA,NA,NA,NA,14,NA,NA,NA,NA,NA,NA,NA,6,NA,NA,NA,NA,NA,NA
"202","Liaoning",1,NA,0.000188827991463082,0.000288206162900703,0.000651878578462256,9.93781714376209e-05,0.000463050586999174,0.000363672415561553,NA,NA,NA,NA,NA,NA,NA,NA,NA,NA,NA,NA,NA,NA,NA,NA,NA,NA,NA,NA,NA,NA,NA,NA
"203","Liberia",NA,1,0,0,0,NA,NA,NA,NA,1,NA,NA,NA,NA,NA,NA,NA,9,NA,NA,NA,NA,NA,NA,NA,9,NA,NA,NA,NA,NA,NA
"204","Libya",NA,8,0,0,0,NA,NA,NA,NA,5,NA,NA,NA,NA,NA,NA,NA,24,NA,NA,NA,NA,NA,NA,NA,13,NA,NA,NA,NA,NA,NA
"205","Liechtenstein",NA,NA,0,0,0,NA,NA,NA,NA,NA,NA,NA,NA,NA,NA,NA,NA,NA,NA,NA,NA,NA,NA,NA,NA,NA,NA,NA,NA,NA,NA,NA
"206","Lithuania",1,NA,0.00262886712665833,0.00342424353320966,0.00861754949703868,0.00079537640655133,0.00598868237038035,0.00519330596382902,NA,NA,NA,NA,NA,NA,NA,NA,NA,NA,NA,NA,NA,NA,NA,NA,NA,NA,NA,NA,NA,NA,NA,NA
"207","Louisiana",1,34,0.0204752506155502,0.0239385588831431,0.034942264879957,0.00346330826759294,0.0144670142644069,0.0110037059968139,NA,11,NA,NA,NA,NA,NA,NA,NA,60,NA,NA,NA,NA,NA,NA,NA,43,NA,NA,NA,NA,NA,NA
"208","Luxembourg",2,NA,0.722593649304664,0.770829197865254,0.863283063515902,0.0482355485605902,0.140689414211238,0.0924538656506475,1,NA,0.714086094846813,0.760236843682924,0.845799259228667,0.0461507488361106,0.131713164381854,0.0855624155457436,0,NA,0,0,0,0,0,0,4,NA,2.85634437938725,3.0409473747317,3.38319703691467,0.184602995344442,0.526852657527417,0.342249662182974
"209","Macau",NA,12,0,0,0,NA,NA,NA,NA,5,NA,NA,NA,NA,NA,NA,NA,47,NA,NA,NA,NA,NA,NA,NA,36,NA,NA,NA,NA,NA,NA
"210","Macedonia",1,NA,0.00716831100693266,0.0104346113755709,0.0162448928020565,0.0032663003686382,0.00907658179512386,0.00581028142648566,NA,NA,NA,NA,NA,NA,NA,NA,NA,NA,NA,NA,NA,NA,NA,NA,NA,NA,NA,NA,NA,NA,NA,NA
"211","Madagascar",NA,46,0,0,0,NA,NA,NA,NA,12,NA,NA,NA,NA,NA,NA,NA,67,NA,NA,NA,NA,NA,NA,NA,32,NA,NA,NA,NA,NA,NA
"212","Madhya Pradesh",NA,1,0,0,0,NA,NA,NA,NA,1,NA,NA,NA,NA,NA,NA,NA,9,NA,NA,NA,NA,NA,NA,NA,9,NA,NA,NA,NA,NA,NA
"213","Magdalena",NA,7,0,0,0,NA,NA,NA,NA,5,NA,NA,NA,NA,NA,NA,NA,33,NA,NA,NA,NA,NA,NA,NA,13,NA,NA,NA,NA,NA,NA
"214","Maharashtra",NA,10,0,0,0,NA,NA,NA,NA,4,NA,NA,NA,NA,NA,NA,NA,18,NA,NA,NA,NA,NA,NA,NA,13,NA,NA,NA,NA,NA,NA
"215","Maine",2,2,0.0113371906863576,0.0183549263144187,0.0365279301596301,0.00701773562806107,0.0251907394732725,0.0181730038452115,1,1,0.011087022901405,0.0178768860968989,0.0353125344528901,0.00678986319549394,0.0242255115514851,0.0174356483559912,5,10,0.0554351145070248,0.0893844304844945,0.17656267226445,0.0339493159774697,0.121127557757426,0.0871782417799558,2,4,0.0221740458028099,0.0357537721937978,0.0706250689057801,0.0135797263909879,0.0484510231029702,0.0348712967119823
"216","Malawi",NA,1,0,0,0,NA,NA,NA,NA,1,NA,NA,NA,NA,NA,NA,NA,5,NA,NA,NA,NA,NA,NA,NA,5,NA,NA,NA,NA,NA,NA
"217","Malaysia and Singapore",1,14,0.90244345940982,0.916095435961116,0.939152398390877,0.0136519765512968,0.0367089389810579,0.0230569624297611,1,5,0.90244345940982,0.916095435961116,0.939152398390877,0.0136519765512968,0.0367089389810579,0.0230569624297611,14,34,12.6342084317375,12.8253361034556,13.1481335774723,0.191127671718155,0.51392514573481,0.322797474016655,6,23,5.41466075645892,5.4965726157667,5.63491439034526,0.0819118593077803,0.220253633886347,0.138341774578566
"218","Maldives",NA,1,0,0,0,NA,NA,NA,NA,1,NA,NA,NA,NA,NA,NA,NA,5,NA,NA,NA,NA,NA,NA,NA,5,NA,NA,NA,NA,NA,NA
"219","Mali",NA,2,0,0,0,NA,NA,NA,NA,1,NA,NA,NA,NA,NA,NA,NA,5,NA,NA,NA,NA,NA,NA,NA,5,NA,NA,NA,NA,NA,NA
"220","Malta",NA,13,0,0,0,NA,NA,NA,NA,5,NA,NA,NA,NA,NA,NA,NA,28,NA,NA,NA,NA,NA,NA,NA,17,NA,NA,NA,NA,NA,NA
"221","Man, Isle of",NA,NA,0,0,0,NA,NA,NA,NA,NA,NA,NA,NA,NA,NA,NA,NA,NA,NA,NA,NA,NA,NA,NA,NA,NA,NA,NA,NA,NA,NA,NA
"222","Manipur",NA,8,0,0,0,NA,NA,NA,NA,2,NA,NA,NA,NA,NA,NA,NA,14,NA,NA,NA,NA,NA,NA,NA,9,NA,NA,NA,NA,NA,NA
"223","Manitoba",10,NA,0.526263681090625,0.572879480496111,0.689553564439727,0.0466157994054864,0.163289883349102,0.116674083943616,6,NA,0.0100477278581077,0.0157799502566487,0.0439967177504758,0.00573222239854093,0.0339489898923681,0.0282167674938271,41,NA,0.0491980378876195,0.0794137363641932,0.23807823409688,0.0302156984765737,0.18888019620926,0.158664497732686,25,NA,0.0133512446088753,0.0237658424551716,0.0875934611675891,0.0104145978462962,0.0742422165587138,0.0638276187124176
"224","Maranhao",NA,8,0,0,0,NA,NA,NA,NA,5,NA,NA,NA,NA,NA,NA,NA,26,NA,NA,NA,NA,NA,NA,NA,11,NA,NA,NA,NA,NA,NA
"225","Marshall Islands",NA,19,0,0,0,NA,NA,NA,NA,11,NA,NA,NA,NA,NA,NA,NA,65,NA,NA,NA,NA,NA,NA,NA,38,NA,NA,NA,NA,NA,NA
"226","Maryland",5,8,0.161111037671848,0.195631448642256,0.317137682647793,0.0345204109704079,0.156026644975945,0.121506234005537,3,1,0.140829066063252,0.169651927162057,0.26887117748664,0.0288228610988059,0.128042111423388,0.0992192503245825,33,9,1.59256232225796,1.91396938520476,3.01418090815925,0.321407062946803,1.4216185859013,1.1002115229545,17,6,0.802858329420891,0.966671830187451,1.52989200084721,0.16381350076656,0.727033671426315,0.563220170659755
"227","Massachusetts",4,5,0.0175024156678503,0.023935390463728,0.0459216711954541,0.00643297479587776,0.0284192555276038,0.0219862807317261,2,2,0.0141165860201642,0.0190343340632124,0.0353921120785172,0.00491774804304816,0.021275526058353,0.0163577780153048,10,19,0.0705829301008212,0.095171670316062,0.176960560392586,0.0245887402152408,0.106377630291765,0.0817888900765241,7,10,0.0495848181401742,0.0678223307041424,0.129757485679502,0.0182375125639682,0.0801726675393276,0.0619351549753594
"228","Mato Grosso",NA,6,0,0,0,NA,NA,NA,NA,3,NA,NA,NA,NA,NA,NA,NA,15,NA,NA,NA,NA,NA,NA,NA,7,NA,NA,NA,NA,NA,NA
"229","Mato Grosso do Sul",1,5,0.65977567571004,0.761584216380558,0.857052866077822,0.101808540670518,0.197277190367782,0.0954686496972639,1,4,0.65977567571004,0.761584216380558,0.857052866077822,0.101808540670518,0.197277190367782,0.0954686496972639,14,20,9.23685945994056,10.6621790293278,11.9987401250895,1.42531956938725,2.76188066514895,1.33656109576169,6,7,3.95865405426024,4.56950529828335,5.14231719646693,0.610851244023109,1.18366314220669,0.572811898183583
"230","Mauritania",NA,NA,0,0,0,NA,NA,NA,NA,NA,NA,NA,NA,NA,NA,NA,NA,NA,NA,NA,NA,NA,NA,NA,NA,NA,NA,NA,NA,NA,NA,NA
"231","Meghalaya",NA,7,0,0,0,NA,NA,NA,NA,3,NA,NA,NA,NA,NA,NA,NA,18,NA,NA,NA,NA,NA,NA,NA,9,NA,NA,NA,NA,NA,NA
"232","Mendoza",NA,NA,0,0,0,NA,NA,NA,NA,NA,NA,NA,NA,NA,NA,NA,NA,NA,NA,NA,NA,NA,NA,NA,NA,NA,NA,NA,NA,NA,NA,NA
"233","Meta",NA,9,0,0,0,NA,NA,NA,NA,7,NA,NA,NA,NA,NA,NA,NA,44,NA,NA,NA,NA,NA,NA,NA,17,NA,NA,NA,NA,NA,NA
"234","Mexico",NA,9,0,0,0,NA,NA,NA,NA,5,NA,NA,NA,NA,NA,NA,NA,45,NA,NA,NA,NA,NA,NA,NA,34,NA,NA,NA,NA,NA,NA
"235","Michigan",4,2,0.168358886549756,0.253719000736974,0.525296170017321,0.0853601141872183,0.356937283467564,0.271577169280346,3,NA,0.167881118896181,0.252960021761721,0.52341542216275,0.0850789028655395,0.355534303266568,0.270455400401029,19,NA,0.746660560534999,1.08665919405623,2.19910286157012,0.339998633521231,1.45244230103512,1.11244366751389,12,NA,0.730618480339169,1.10029170565607,2.27911242662326,0.369673225316902,1.54849394628409,1.17882072096719
"236","Michoacan",NA,5,0,0,0,NA,NA,NA,NA,4,NA,NA,NA,NA,NA,NA,NA,38,NA,NA,NA,NA,NA,NA,NA,22,NA,NA,NA,NA,NA,NA
"237","Micronesia",NA,14,0,0,0,NA,NA,NA,NA,6,NA,NA,NA,NA,NA,NA,NA,51,NA,NA,NA,NA,NA,NA,NA,29,NA,NA,NA,NA,NA,NA
"238","Midway Islands",NA,NA,0,0,0,NA,NA,NA,NA,NA,NA,NA,NA,NA,NA,NA,NA,NA,NA,NA,NA,NA,NA,NA,NA,NA,NA,NA,NA,NA,NA,NA
"239","Minas Gerais",NA,10,0,0,0,NA,NA,NA,NA,6,NA,NA,NA,NA,NA,NA,NA,39,NA,NA,NA,NA,NA,NA,NA,13,NA,NA,NA,NA,NA,NA
"240","Minnesota",3,1,0.0555891369866852,0.0755832011443935,0.173497372633992,0.0199940641577084,0.117908235647307,0.0979141714895987,2,NA,0.0332452637974489,0.043978470672446,0.0936150054824065,0.0107332068749971,0.0603697416849576,0.0496365348099605,19,NA,0.385374968062761,0.512559172299204,1.10473949974862,0.127184204236444,0.71936453168586,0.592180327449416,8,NA,0.163889927184016,0.218031083094658,0.470191998669963,0.0541411559106422,0.306302071485947,0.252160915575305
"241","Misiones",NA,1,0,0,0,NA,NA,NA,NA,NA,NA,NA,NA,NA,NA,NA,NA,NA,NA,NA,NA,NA,NA,NA,NA,NA,NA,NA,NA,NA,NA,NA
"242","Mississippi",1,30,0.00792566222219143,0.00916979905457382,0.0132737472715293,0.00124413683238239,0.00534808504933791,0.00410394821695552,NA,11,NA,NA,NA,NA,NA,NA,NA,68,NA,NA,NA,NA,NA,NA,NA,49,NA,NA,NA,NA,NA,NA
"243","Missouri",6,5,0.988654799820776,1.05707145480798,1.39079127122038,0.0684166549872087,0.402136471399605,0.333719816412397,4,1,0.961470482310672,1.026809745757,1.34260459682044,0.0653392634463289,0.381134114509767,0.315794851063438,28,14,7.23916402839535,7.74526638300484,10.1729384483915,0.506102354609494,2.9337744199962,2.42767206538671,13,16,2.90056395732897,3.12721791933103,4.24242604430014,0.226653962002061,1.34186208697117,1.11520812496911
"244","Mizoram",NA,6,0,0,0,NA,NA,NA,NA,1,NA,NA,NA,NA,NA,NA,NA,9,NA,NA,NA,NA,NA,NA,NA,9,NA,NA,NA,NA,NA,NA
"245","Moldova",1,NA,0.00329243513221339,0.00430543138031758,0.00844895624191545,0.00101299624810419,0.00515652110970206,0.00414352486159787,NA,NA,NA,NA,NA,NA,NA,NA,NA,NA,NA,NA,NA,NA,NA,NA,NA,NA,NA,NA,NA,NA,NA,NA
"246","Mongolia",NA,NA,0,0,0,NA,NA,NA,NA,NA,NA,NA,NA,NA,NA,NA,NA,NA,NA,NA,NA,NA,NA,NA,NA,NA,NA,NA,NA,NA,NA,NA
"247","Montana",1,1,0.00146042551438593,0.0017626103345415,0.00352088473266793,0.000302184820155568,0.002060459218282,0.00175827439812643,NA,NA,NA,NA,NA,NA,NA,NA,NA,NA,NA,NA,NA,NA,NA,NA,NA,NA,NA,NA,NA,NA,NA,NA
"248","Montenegro",1,2,0.048669166148211,0.0670577736035151,0.104001014105691,0.018388607455304,0.0553318479574804,0.0369432405021764,NA,2,NA,NA,NA,NA,NA,NA,NA,18,NA,NA,NA,NA,NA,NA,NA,6,NA,NA,NA,NA,NA,NA
"249","Morelos",NA,7,0,0,0,NA,NA,NA,NA,3,NA,NA,NA,NA,NA,NA,NA,17,NA,NA,NA,NA,NA,NA,NA,16,NA,NA,NA,NA,NA,NA
"250","Morocco",NA,21,0,0,0,NA,NA,NA,NA,7,NA,NA,NA,NA,NA,NA,NA,43,NA,NA,NA,NA,NA,NA,NA,24,NA,NA,NA,NA,NA,NA
"251","Mozambique",NA,2,0,0,0,NA,NA,NA,NA,2,NA,NA,NA,NA,NA,NA,NA,10,NA,NA,NA,NA,NA,NA,NA,6,NA,NA,NA,NA,NA,NA
"252","Myanmar",NA,10,0,0,0,NA,NA,NA,NA,4,NA,NA,NA,NA,NA,NA,NA,29,NA,NA,NA,NA,NA,NA,NA,23,NA,NA,NA,NA,NA,NA
"253","Nagaland",NA,3,0,0,0,NA,NA,NA,NA,1,NA,NA,NA,NA,NA,NA,NA,9,NA,NA,NA,NA,NA,NA,NA,9,NA,NA,NA,NA,NA,NA
"254","Namibia",NA,1,0,0,0,NA,NA,NA,NA,1,NA,NA,NA,NA,NA,NA,NA,14,NA,NA,NA,NA,NA,NA,NA,6,NA,NA,NA,NA,NA,NA
"255","Narino",NA,1,0,0,0,NA,NA,NA,NA,1,NA,NA,NA,NA,NA,NA,NA,5,NA,NA,NA,NA,NA,NA,NA,2,NA,NA,NA,NA,NA,NA
"256","Nauru",NA,NA,0,0,0,NA,NA,NA,NA,NA,NA,NA,NA,NA,NA,NA,NA,NA,NA,NA,NA,NA,NA,NA,NA,NA,NA,NA,NA,NA,NA,NA
"257","Nayarit",NA,5,0,0,0,NA,NA,NA,NA,3,NA,NA,NA,NA,NA,NA,NA,24,NA,NA,NA,NA,NA,NA,NA,16,NA,NA,NA,NA,NA,NA
"258","Nebraska",2,1,0.0961734218726966,0.105016273175827,0.161635338400854,0.00884285130313014,0.0654619165281575,0.0566190652250274,1,NA,0.0951343457304874,0.103854310874038,0.159587752590826,0.00871996514355101,0.0644534068603389,0.0557334417167879,14,NA,1.33188084022682,1.45396035223654,2.23422853627157,0.122079512009714,0.902347696044745,0.78026818403503,6,NA,0.570806074382924,0.62312586524423,0.957526515544957,0.052319790861306,0.386720441162033,0.334400650300727
"259","Nei Mongol",NA,NA,0,0,0,NA,NA,NA,NA,NA,NA,NA,NA,NA,NA,NA,NA,NA,NA,NA,NA,NA,NA,NA,NA,NA,NA,NA,NA,NA,NA,NA
"260","Nepal",NA,4,0,0,0,NA,NA,NA,NA,1,NA,NA,NA,NA,NA,NA,NA,1,NA,NA,NA,NA,NA,NA,NA,3,NA,NA,NA,NA,NA,NA
"261","Netherlands",14,10,8.53656081187041,8.88077804697635,9.69874595474927,0.344217235105937,1.16218514287886,0.817967907772922,4,4,2.54914115626566,2.67261455802434,2.95057185897903,0.123473401758674,0.401430702713363,0.277957300954688,19,18,12.0537180454824,12.6420293756847,13.9666673864319,0.588311330202298,1.91294934094952,1.32463801074722,2,12,0.584842642799393,0.647770607572732,0.819631269583048,0.0629279647733393,0.234788626783655,0.171860662010316
"262","Neuquen",NA,NA,0,0,0,NA,NA,NA,NA,NA,NA,NA,NA,NA,NA,NA,NA,NA,NA,NA,NA,NA,NA,NA,NA,NA,NA,NA,NA,NA,NA,NA
"263","Nevada",NA,4,0,0,0,NA,NA,NA,NA,1,NA,NA,NA,NA,NA,NA,NA,14,NA,NA,NA,NA,NA,NA,NA,6,NA,NA,NA,NA,NA,NA
"264","New Brunswick",NA,1,0,0,0,NA,NA,NA,NA,1,NA,NA,NA,NA,NA,NA,NA,10,NA,NA,NA,NA,NA,NA,NA,4,NA,NA,NA,NA,NA,NA
"265","New Caledonia",NA,37,0,0,0,NA,NA,NA,NA,14,NA,NA,NA,NA,NA,NA,NA,89,NA,NA,NA,NA,NA,NA,NA,47,NA,NA,NA,NA,NA,NA
"266","New Guinea",NA,36,0,0,0,NA,NA,NA,NA,12,NA,NA,NA,NA,NA,NA,NA,76,NA,NA,NA,NA,NA,NA,NA,41,NA,NA,NA,NA,NA,NA
"267","New Hampshire",2,2,0.0222679671325351,0.0314766816152543,0.0590096517405545,0.00920871448271921,0.0367416846080194,0.0275329701253002,1,1,0.0216526335841564,0.0304927462167737,0.0566756070219366,0.00884011263261726,0.0350229734377802,0.026182860805163,5,10,0.108263167920782,0.152463731083868,0.283378035109683,0.0442005631630863,0.175114867188901,0.130914304025815,2,4,0.0433052671683128,0.0609854924335473,0.113351214043873,0.0176802252652345,0.0700459468755604,0.0523657216103259
"268","New Jersey",3,3,0.167408188672482,0.20016977024178,0.293342881749261,0.0327615815692976,0.125934693076779,0.0931731115074814,1,NA,0.152424560160107,0.179990737063052,0.254554085429426,0.0275661769029451,0.102129525269319,0.0745633483663738,4,NA,0.609698240640428,0.719962948252208,1.0182163417177,0.110264707611781,0.408518101077276,0.298253393465495,0,NA,0,0,0,0,0,0
"269","New Mexico",1,9,0.0112504410155816,0.0137547757520935,0.0227815777275094,0.00250433473651183,0.0115311367119277,0.00902680197541591,NA,5,NA,NA,NA,NA,NA,NA,NA,38,NA,NA,NA,NA,NA,NA,NA,33,NA,NA,NA,NA,NA,NA
"270","New South Wales",NA,6,0,0,0,NA,NA,NA,NA,5,NA,NA,NA,NA,NA,NA,NA,46,NA,NA,NA,NA,NA,NA,NA,18,NA,NA,NA,NA,NA,NA
"271","New York",5,10,0.207851074233102,0.289812647162037,0.505503333254997,0.0819615729289356,0.297652259021896,0.21569068609296,3,3,0.195442036899119,0.269130588103302,0.456010356727839,0.0736885512041835,0.26056831982872,0.186879768624537,14,19,0.838059831090874,1.16033407207448,1.98855031250295,0.322274240983606,1.15049048141208,0.828216240428471,7,14,0.207969675949812,0.314847883740157,0.633700443079958,0.106878207790346,0.425730767130146,0.3188525593398
"272","New Zealand",NA,40,0,0,0,NA,NA,NA,NA,14,NA,NA,NA,NA,NA,NA,NA,83,NA,NA,NA,NA,NA,NA,NA,55,NA,NA,NA,NA,NA,NA
"273","Newfoundland",NA,1,0,0,0,NA,NA,NA,NA,1,NA,NA,NA,NA,NA,NA,NA,10,NA,NA,NA,NA,NA,NA,NA,4,NA,NA,NA,NA,NA,NA
"274","Nicaragua",NA,12,0,0,0,NA,NA,NA,NA,5,NA,NA,NA,NA,NA,NA,NA,33,NA,NA,NA,NA,NA,NA,NA,13,NA,NA,NA,NA,NA,NA
"275","Niger",NA,2,0,0,0,NA,NA,NA,NA,1,NA,NA,NA,NA,NA,NA,NA,1,NA,NA,NA,NA,NA,NA,NA,3,NA,NA,NA,NA,NA,NA
"276","Nigeria",NA,11,0,0,0,NA,NA,NA,NA,7,NA,NA,NA,NA,NA,NA,NA,34,NA,NA,NA,NA,NA,NA,NA,19,NA,NA,NA,NA,NA,NA
"277","Ningxia",1,1,0.00447941949756528,0.00625154219737881,0.012591449869913,0.00177212269981353,0.00811203037234773,0.0063399076725342,NA,1,NA,NA,NA,NA,NA,NA,NA,5,NA,NA,NA,NA,NA,NA,NA,0,NA,NA,NA,NA,NA,NA
"278","Niue",NA,22,0,0,0,NA,NA,NA,NA,10,NA,NA,NA,NA,NA,NA,NA,57,NA,NA,NA,NA,NA,NA,NA,29,NA,NA,NA,NA,NA,NA
"279","Norde de Santander",NA,2,0,0,0,NA,NA,NA,NA,2,NA,NA,NA,NA,NA,NA,NA,11,NA,NA,NA,NA,NA,NA,NA,6,NA,NA,NA,NA,NA,NA
"280","Norfolk Island",NA,14,0,0,0,NA,NA,NA,NA,7,NA,NA,NA,NA,NA,NA,NA,31,NA,NA,NA,NA,NA,NA,NA,12,NA,NA,NA,NA,NA,NA
"281","North Carolina",6,13,0.172406593633165,0.195846532959015,0.280785318707776,0.0234399393258491,0.108378725074611,0.0849387857487614,1,8,0.145509438671366,0.164598951054492,0.232261431161177,0.0190895123831263,0.086751992489811,0.0676624801066846,0,55,0,0,0,0,0,0,4,39,0.582037754685462,0.658395804217968,0.929045724644706,0.0763580495325054,0.347007969959244,0.270649920426739
"282","North Dakota",1,NA,0.000187104777456392,0.000257694527546422,0.000637569221040075,7.05897500900307e-05,0.000450464443583683,0.000379874693493652,NA,NA,NA,NA,NA,NA,NA,NA,NA,NA,NA,NA,NA,NA,NA,NA,NA,NA,NA,NA,NA,NA,NA,NA
"283","North Korea",2,1,0.161312970434374,0.206883999780067,0.334860265861329,0.0455710293456928,0.173547295426955,0.127976266081262,1,NA,0.159866279769253,0.20483629334255,0.33054540883611,0.0449700135732972,0.170679129066857,0.12570911549356,14,NA,2.23812791676954,2.8677081067957,4.62763572370554,0.629580190026161,2.389507806936,1.75992761690984,6,NA,0.959197678615516,1.2290177600553,1.98327245301666,0.269820081439784,1.02407477440114,0.754254692961358
"284","North Western Australia",NA,9,0,0,0,NA,NA,NA,NA,5,NA,NA,NA,NA,NA,NA,NA,25,NA,NA,NA,NA,NA,NA,NA,17,NA,NA,NA,NA,NA,NA
"285","Northern Territory",NA,19,0,0,0,NA,NA,NA,NA,10,NA,NA,NA,NA,NA,NA,NA,67,NA,NA,NA,NA,NA,NA,NA,34,NA,NA,NA,NA,NA,NA
"286","Northwest Territories",NA,NA,0,0,0,NA,NA,NA,NA,NA,NA,NA,NA,NA,NA,NA,NA,NA,NA,NA,NA,NA,NA,NA,NA,NA,NA,NA,NA,NA,NA,NA
"287","Norway",18,NA,2.41962343158116,2.85996793262592,4.3861924766576,0.440344501044756,1.96656904507644,1.52622454403168,4,NA,0.581786059058734,0.73587583528851,1.21771636493182,0.154089776229776,0.635930305873086,0.48184052964331,23,NA,2.57649124969438,3.2515166328794,5.51925591422864,0.675025383185015,2.94276466453425,2.26773928134924,12,NA,1.71927584356649,2.22443495358534,3.83249859630722,0.50515911001885,2.11322275274073,1.60806364272188
"288","Nova Scotia",NA,2,0,0,0,NA,NA,NA,NA,1,NA,NA,NA,NA,NA,NA,NA,10,NA,NA,NA,NA,NA,NA,NA,4,NA,NA,NA,NA,NA,NA
"289","Nuevo Leon",NA,5,0,0,0,NA,NA,NA,NA,3,NA,NA,NA,NA,NA,NA,NA,31,NA,NA,NA,NA,NA,NA,NA,31,NA,NA,NA,NA,NA,NA
"290","Nunavut",NA,NA,0,0,0,NA,NA,NA,NA,NA,NA,NA,NA,NA,NA,NA,NA,NA,NA,NA,NA,NA,NA,NA,NA,NA,NA,NA,NA,NA,NA,NA
"291","Oaxaca",NA,11,0,0,0,NA,NA,NA,NA,5,NA,NA,NA,NA,NA,NA,NA,50,NA,NA,NA,NA,NA,NA,NA,39,NA,NA,NA,NA,NA,NA
"292","Ohio",7,5,0.332579702246047,0.389426267569584,0.59440407924323,0.0568465653235374,0.261824376997183,0.204977811673645,4,1,0.247063912682943,0.289401101487922,0.441450099238914,0.0423371888049794,0.194386186555971,0.152048997750992,28,9,1.64395382440129,1.94427745552682,3.04377745890436,0.300323631125524,1.39982363450307,1.09950000337755,13,6,0.557052002175604,0.670976323245567,1.10438485750135,0.113924321069963,0.547332855325748,0.433408534255784
"293","Okinawa",NA,36,0,0,0,NA,NA,NA,NA,12,NA,NA,NA,NA,NA,NA,NA,67,NA,NA,NA,NA,NA,NA,NA,40,NA,NA,NA,NA,NA,NA
"294","Oklahoma",2,4,0.150954423837774,0.16197966531108,0.233861355238576,0.011025241473306,0.0829069314008019,0.0718816899274959,NA,3,NA,NA,NA,NA,NA,NA,NA,33,NA,NA,NA,NA,NA,NA,NA,27,NA,NA,NA,NA,NA,NA
"295","Oman",NA,18,0,0,0,NA,NA,NA,NA,6,NA,NA,NA,NA,NA,NA,NA,25,NA,NA,NA,NA,NA,NA,NA,24,NA,NA,NA,NA,NA,NA
"296","Ontario",5,3,0.00308177726746453,0.00622393138277129,0.0207604562437193,0.00314215411530675,0.0176786789762548,0.014536524860948,4,1,0.0030744810504569,0.00620908999709295,0.0207112378080552,0.00313460894663606,0.0176367567575983,0.0145021478109622,22,10,0.0126159284604051,0.0253457338882276,0.0844192449675905,0.0127298054278225,0.0718033165071853,0.0590735110793628,21,4,0.0145474073501502,0.0304511446337615,0.106994198333129,0.0159037372836113,0.0924467909829786,0.0765430536993673
"297","Oregon",3,2,0.175263536828473,0.223947631902222,0.319663993541958,0.0486840950737489,0.144400456713485,0.0957163616397362,2,NA,0.173350395282668,0.221283212723571,0.315250930887447,0.0479328174409035,0.141900535604779,0.0939677181638758,19,NA,2.00653605325515,2.56608361473054,3.65726658562274,0.559547561475392,1.65073053236759,1.0911829708922,8,NA,0.853271491383918,1.091307559275,1.5553960534129,0.238036067891085,0.702124562028978,0.464088494137893
"298","Orissa",NA,3,0,0,0,NA,NA,NA,NA,1,NA,NA,NA,NA,NA,NA,NA,9,NA,NA,NA,NA,NA,NA,NA,9,NA,NA,NA,NA,NA,NA
"299","Pakistan",NA,10,0,0,0,NA,NA,NA,NA,7,NA,NA,NA,NA,NA,NA,NA,43,NA,NA,NA,NA,NA,NA,NA,25,NA,NA,NA,NA,NA,NA
"300","Palau",NA,21,0,0,0,NA,NA,NA,NA,9,NA,NA,NA,NA,NA,NA,NA,66,NA,NA,NA,NA,NA,NA,NA,37,NA,NA,NA,NA,NA,NA
"301","Panama",NA,10,0,0,0,NA,NA,NA,NA,6,NA,NA,NA,NA,NA,NA,NA,38,NA,NA,NA,NA,NA,NA,NA,13,NA,NA,NA,NA,NA,NA
"302","Bismarck Archipelago",NA,19,0,0,0,NA,NA,NA,NA,7,NA,NA,NA,NA,NA,NA,NA,47,NA,NA,NA,NA,NA,NA,NA,19,NA,NA,NA,NA,NA,NA
"303","Para",NA,12,0,0,0,NA,NA,NA,NA,8,NA,NA,NA,NA,NA,NA,NA,44,NA,NA,NA,NA,NA,NA,NA,21,NA,NA,NA,NA,NA,NA
"304","Paracel Islands",NA,NA,0,0,0,NA,NA,NA,NA,NA,NA,NA,NA,NA,NA,NA,NA,NA,NA,NA,NA,NA,NA,NA,NA,NA,NA,NA,NA,NA,NA,NA
"305","Paraguay",NA,7,0,0,0,NA,NA,NA,NA,5,NA,NA,NA,NA,NA,NA,NA,20,NA,NA,NA,NA,NA,NA,NA,11,NA,NA,NA,NA,NA,NA
"306","Paraiba",NA,2,0,0,0,NA,NA,NA,NA,2,NA,NA,NA,NA,NA,NA,NA,10,NA,NA,NA,NA,NA,NA,NA,5,NA,NA,NA,NA,NA,NA
"307","Parana",NA,6,0,0,0,NA,NA,NA,NA,3,NA,NA,NA,NA,NA,NA,NA,15,NA,NA,NA,NA,NA,NA,NA,7,NA,NA,NA,NA,NA,NA
"308","Pennsylvania",3,5,0.106726352321785,0.138910931103169,0.239719532986892,0.0321845787813838,0.132993180665107,0.100808601883723,2,1,0.105913034874242,0.137796015086156,0.237528742764164,0.0318829802119135,0.131615707889922,0.0997327276780082,19,9,1.1711199441893,1.51478333106677,2.57360301460661,0.34366338687747,1.40248307041731,1.05881968353984,11,6,0.600849037684331,0.780735992723666,1.34163919168591,0.179886955039335,0.740790154001576,0.560903198962241
"309","Pernambuco",NA,5,0,0,0,NA,NA,NA,NA,3,NA,NA,NA,NA,NA,NA,NA,15,NA,NA,NA,NA,NA,NA,NA,7,NA,NA,NA,NA,NA,NA
"310","Peru",NA,10,0,0,0,NA,NA,NA,NA,6,NA,NA,NA,NA,NA,NA,NA,47,NA,NA,NA,NA,NA,NA,NA,19,NA,NA,NA,NA,NA,NA
"311","Philippines",1,25,0.880802157065812,0.89751426592163,0.924420811286158,0.0167121088558176,0.0436186542203453,0.0269065453645276,1,6,0.880802157065812,0.89751426592163,0.924420811286158,0.0167121088558176,0.0436186542203453,0.0269065453645276,14,34,12.3312301989214,12.5651997229028,12.9418913580062,0.233969523981447,0.610661159084833,0.376691635103386,6,27,5.28481294239487,5.38508559552978,5.54652486771695,0.100272653134906,0.261711925322071,0.161439272187166
"312","Piaui",NA,4,0,0,0,NA,NA,NA,NA,3,NA,NA,NA,NA,NA,NA,NA,14,NA,NA,NA,NA,NA,NA,NA,7,NA,NA,NA,NA,NA,NA
"313","Pitcairn Islands",NA,10,0,0,0,NA,NA,NA,NA,7,NA,NA,NA,NA,NA,NA,NA,36,NA,NA,NA,NA,NA,NA,NA,10,NA,NA,NA,NA,NA,NA
"314","Poland",6,1,1.08980059822485,1.36310667870857,2.1156586980028,0.273306080483719,1.02585809977795,0.752552019294228,2,1,0.510633848816716,0.631301581388768,0.947661321922602,0.120667732572051,0.437027473105886,0.316359740533834,14,4,2.16740224840805,2.7194603700506,4.40498548889476,0.552058121642548,2.23758324048671,1.68552511884416,10,0,2.35216428789659,2.91370066413373,4.41992892896109,0.561536376237141,2.0677646410645,1.50622826482736
"315","Portugal",1,8,0.0280579940900238,0.0353114646331751,0.0479676062273593,0.00725347054315125,0.0199096121373354,0.0126561415941842,NA,3,NA,NA,NA,NA,NA,NA,NA,18,NA,NA,NA,NA,NA,NA,NA,10,NA,NA,NA,NA,NA,NA
"316","Prince Edward Island",NA,2,0,0,0,NA,NA,NA,NA,1,NA,NA,NA,NA,NA,NA,NA,10,NA,NA,NA,NA,NA,NA,NA,4,NA,NA,NA,NA,NA,NA
"317","Puebla",NA,2,0,0,0,NA,NA,NA,NA,NA,NA,NA,NA,NA,NA,NA,NA,NA,NA,NA,NA,NA,NA,NA,NA,NA,NA,NA,NA,NA,NA,NA
"318","Puerto Rico",NA,32,0,0,0,NA,NA,NA,NA,11,NA,NA,NA,NA,NA,NA,NA,71,NA,NA,NA,NA,NA,NA,NA,50,NA,NA,NA,NA,NA,NA
"319","Punjab",NA,7,0,0,0,NA,NA,NA,NA,2,NA,NA,NA,NA,NA,NA,NA,14,NA,NA,NA,NA,NA,NA,NA,9,NA,NA,NA,NA,NA,NA
"320","Putumayo",NA,1,0,0,0,NA,NA,NA,NA,1,NA,NA,NA,NA,NA,NA,NA,5,NA,NA,NA,NA,NA,NA,NA,2,NA,NA,NA,NA,NA,NA
"321","Qatar",NA,4,0,0,0,NA,NA,NA,NA,2,NA,NA,NA,NA,NA,NA,NA,1,NA,NA,NA,NA,NA,NA,NA,7,NA,NA,NA,NA,NA,NA
"322","Qinghai",NA,1,0,0,0,NA,NA,NA,NA,1,NA,NA,NA,NA,NA,NA,NA,5,NA,NA,NA,NA,NA,NA,NA,0,NA,NA,NA,NA,NA,NA
"323","Quebec",7,5,0.596931253884307,0.62376056853036,0.713653197102063,0.0268293146460525,0.116721943217756,0.0898926285717033,5,2,0.0138710444411997,0.0349644378943744,0.117526475134988,0.0210933934531747,0.103655430693788,0.0825620372406132,26,12,0.0569173110079003,0.1438475833061,0.487850455862836,0.0869302722981992,0.430933144854936,0.344002872556737,16,4,0.0186319393976793,0.0606579049289241,0.272943378714207,0.0420259655312448,0.254311439316528,0.212285473785283
"324","Queensland",NA,31,0,0,0,NA,NA,NA,NA,16,NA,NA,NA,NA,NA,NA,NA,119,NA,NA,NA,NA,NA,NA,NA,73,NA,NA,NA,NA,NA,NA
"325","Queretaro",NA,3,0,0,0,NA,NA,NA,NA,2,NA,NA,NA,NA,NA,NA,NA,10,NA,NA,NA,NA,NA,NA,NA,5,NA,NA,NA,NA,NA,NA
"326","Quindio",NA,4,0,0,0,NA,NA,NA,NA,4,NA,NA,NA,NA,NA,NA,NA,29,NA,NA,NA,NA,NA,NA,NA,13,NA,NA,NA,NA,NA,NA
"327","Quintana Roo",NA,19,0,0,0,NA,NA,NA,NA,10,NA,NA,NA,NA,NA,NA,NA,65,NA,NA,NA,NA,NA,NA,NA,36,NA,NA,NA,NA,NA,NA
"328","Rajasthan",NA,4,0,0,0,NA,NA,NA,NA,1,NA,NA,NA,NA,NA,NA,NA,9,NA,NA,NA,NA,NA,NA,NA,9,NA,NA,NA,NA,NA,NA
"329","Rhode Island",2,4,0.0197120606704507,0.0268467092241384,0.0510788741715246,0.00713464855368769,0.0313668135010739,0.0242321649473862,1,2,0.0188485108002685,0.0256547525365744,0.0487264348625858,0.00680624173630585,0.0298779240623173,0.0230716823260114,14,19,0.263879151203759,0.359166535512041,0.682170088076201,0.095287384308282,0.418290936872442,0.32300355256416,6,10,0.113091064801611,0.153928515219446,0.292358609175515,0.0408374504178351,0.179267544373904,0.138430093956068
"330","Rio Grande do Norte",NA,1,0,0,0,NA,NA,NA,NA,1,NA,NA,NA,NA,NA,NA,NA,5,NA,NA,NA,NA,NA,NA,NA,5,NA,NA,NA,NA,NA,NA
"331","Rio Grande do Sul",NA,7,0,0,0,NA,NA,NA,NA,5,NA,NA,NA,NA,NA,NA,NA,33,NA,NA,NA,NA,NA,NA,NA,13,NA,NA,NA,NA,NA,NA
"332","Rio Negro",NA,NA,0,0,0,NA,NA,NA,NA,NA,NA,NA,NA,NA,NA,NA,NA,NA,NA,NA,NA,NA,NA,NA,NA,NA,NA,NA,NA,NA,NA,NA
"333","Rio de Janeiro",NA,10,0,0,0,NA,NA,NA,NA,7,NA,NA,NA,NA,NA,NA,NA,43,NA,NA,NA,NA,NA,NA,NA,13,NA,NA,NA,NA,NA,NA
"334","Risaralda",NA,14,0,0,0,NA,NA,NA,NA,8,NA,NA,NA,NA,NA,NA,NA,35,NA,NA,NA,NA,NA,NA,NA,15,NA,NA,NA,NA,NA,NA
"335","Romania",3,1,0.388898463781769,0.470663922623924,0.66955289083188,0.0817654588421557,0.280654427050111,0.198888968207955,2,1,0.386966950590917,0.468110258736739,0.664826893533494,0.0811433081458221,0.277859942942577,0.196716634796755,5,4,0.243748343755909,0.297140950161777,0.455786406535147,0.0533926064058681,0.212038062779238,0.15864545637337,6,0,1.4503684648613,1.75358465488224,2.47699301151992,0.303216190020941,1.02662454665861,0.723408356637673
"336","Rondonia",NA,5,0,0,0,NA,NA,NA,NA,4,NA,NA,NA,NA,NA,NA,NA,19,NA,NA,NA,NA,NA,NA,NA,7,NA,NA,NA,NA,NA,NA
"337","Roraima",NA,3,0,0,0,NA,NA,NA,NA,2,NA,NA,NA,NA,NA,NA,NA,10,NA,NA,NA,NA,NA,NA,NA,2,NA,NA,NA,NA,NA,NA
"338","Russia East",1,NA,6.07372045957453e-07,1.55307253983762e-06,6.37744959480207e-06,9.45700493880162e-07,5.77007754884462e-06,4.82437705496446e-06,NA,NA,NA,NA,NA,NA,NA,NA,NA,NA,NA,NA,NA,NA,NA,NA,NA,NA,NA,NA,NA,NA,NA,NA
"339","Russia North",NA,NA,0,0,0,NA,NA,NA,NA,NA,NA,NA,NA,NA,NA,NA,NA,NA,NA,NA,NA,NA,NA,NA,NA,NA,NA,NA,NA,NA,NA,NA
"340","Russia Northwest",1,1,0.000713563806889194,0.00104694508230549,0.00319642231403071,0.000333381275416292,0.00248285850714152,0.00214947723172523,NA,1,NA,NA,NA,NA,NA,NA,NA,4,NA,NA,NA,NA,NA,NA,NA,0,NA,NA,NA,NA,NA,NA
"341","Russia central",4,NA,0.00748653933924318,0.012100166101192,0.0332119236529174,0.00461362676194879,0.0257253843136742,0.0211117575517254,3,NA,0.00746282672782924,0.0120612480781897,0.0331025022609564,0.00459842135036046,0.0256396755331271,0.0210412541827667,10,NA,0.0162096775210872,0.0244006206099551,0.0576008299516923,0.00819094308886783,0.0413911524306051,0.0332002093417372,11,NA,0.0272664801704706,0.0446912421066442,0.125712404668138,0.0174247619361737,0.0984459244976675,0.0810211625614938
"342","Russia south",2,4,0.106155009670002,0.141461456829888,0.276998261804053,0.0353064471598859,0.170843252134051,0.135536804974165,1,2,0.0667689652077779,0.0911246547704199,0.186523471129506,0.024355689562642,0.119754505921728,0.0953988163590864,0,13,0,0,0,0,0,0,4,6,0.267075860831112,0.364498619081679,0.746093884518025,0.0974227582505678,0.479018023686913,0.381595265436346
"343","Rwanda",NA,NA,0,0,0,NA,NA,NA,NA,NA,NA,NA,NA,NA,NA,NA,NA,NA,NA,NA,NA,NA,NA,NA,NA,NA,NA,NA,NA,NA,NA,NA
"344","Salta",NA,2,0,0,0,NA,NA,NA,NA,1,NA,NA,NA,NA,NA,NA,NA,14,NA,NA,NA,NA,NA,NA,NA,6,NA,NA,NA,NA,NA,NA
"345","Samoan Islands",NA,42,0,0,0,NA,NA,NA,NA,14,NA,NA,NA,NA,NA,NA,NA,82,NA,NA,NA,NA,NA,NA,NA,43,NA,NA,NA,NA,NA,NA
"346","San Andres Providencia and Santa Catalina",NA,4,0,0,0,NA,NA,NA,NA,1,NA,NA,NA,NA,NA,NA,NA,5,NA,NA,NA,NA,NA,NA,NA,2,NA,NA,NA,NA,NA,NA
"347","San Juan",NA,1,0,0,0,NA,NA,NA,NA,1,NA,NA,NA,NA,NA,NA,NA,5,NA,NA,NA,NA,NA,NA,NA,5,NA,NA,NA,NA,NA,NA
"348","San Luis",NA,1,0,0,0,NA,NA,NA,NA,1,NA,NA,NA,NA,NA,NA,NA,14,NA,NA,NA,NA,NA,NA,NA,6,NA,NA,NA,NA,NA,NA
"349","San Luis Potosi",NA,6,0,0,0,NA,NA,NA,NA,5,NA,NA,NA,NA,NA,NA,NA,36,NA,NA,NA,NA,NA,NA,NA,27,NA,NA,NA,NA,NA,NA
"350","Santa Catarina",NA,8,0,0,0,NA,NA,NA,NA,5,NA,NA,NA,NA,NA,NA,NA,33,NA,NA,NA,NA,NA,NA,NA,13,NA,NA,NA,NA,NA,NA
"351","Santa Cruz",NA,NA,0,0,0,NA,NA,NA,NA,NA,NA,NA,NA,NA,NA,NA,NA,NA,NA,NA,NA,NA,NA,NA,NA,NA,NA,NA,NA,NA,NA,NA
"352","Santa Fe",NA,1,0,0,0,NA,NA,NA,NA,NA,NA,NA,NA,NA,NA,NA,NA,NA,NA,NA,NA,NA,NA,NA,NA,NA,NA,NA,NA,NA,NA,NA
"353","Santander",NA,7,0,0,0,NA,NA,NA,NA,4,NA,NA,NA,NA,NA,NA,NA,21,NA,NA,NA,NA,NA,NA,NA,11,NA,NA,NA,NA,NA,NA
"354","Santiago del Estero",NA,NA,0,0,0,NA,NA,NA,NA,NA,NA,NA,NA,NA,NA,NA,NA,NA,NA,NA,NA,NA,NA,NA,NA,NA,NA,NA,NA,NA,NA,NA
"355","Sao Paulo",NA,11,0,0,0,NA,NA,NA,NA,8,NA,NA,NA,NA,NA,NA,NA,43,NA,NA,NA,NA,NA,NA,NA,17,NA,NA,NA,NA,NA,NA
"356","Borneo",NA,16,0,0,0,NA,NA,NA,NA,6,NA,NA,NA,NA,NA,NA,NA,39,NA,NA,NA,NA,NA,NA,NA,23,NA,NA,NA,NA,NA,NA
"357","Sardinia",1,4,0.0330120617151018,0.0464347819964559,0.0657933722246551,0.0134227202813541,0.0327813105095534,0.0193585902281992,NA,2,NA,NA,NA,NA,NA,NA,NA,14,NA,NA,NA,NA,NA,NA,NA,10,NA,NA,NA,NA,NA,NA
"358","Saskatchewan",1,1,3.28928566861298e-05,4.54377250156941e-05,0.000139914572037584,1.25448683295643e-05,0.000107021715351454,9.447684702189e-05,NA,NA,NA,NA,NA,NA,NA,NA,NA,NA,NA,NA,NA,NA,NA,NA,NA,NA,NA,NA,NA,NA,NA,NA
"359","Saudi Arabia",1,33,0.06055016804175,0.0863942171612303,0.135718367866883,0.0258440491194804,0.0751681998251327,0.0493241507056523,NA,10,NA,NA,NA,NA,NA,NA,NA,48,NA,NA,NA,NA,NA,NA,NA,27,NA,NA,NA,NA,NA,NA
"360","Senegal",NA,6,0,0,0,NA,NA,NA,NA,3,NA,NA,NA,NA,NA,NA,NA,19,NA,NA,NA,NA,NA,NA,NA,16,NA,NA,NA,NA,NA,NA
"361","Serbia",3,NA,0.934402435344884,1.06166287818763,1.28874548811822,0.127260442842743,0.354343052773335,0.227082609930593,1,NA,0.608419271417573,0.679938707099016,0.792674529888219,0.0715194356814437,0.184255258470647,0.112735822789203,0,NA,0,0,0,0,0,0,4,NA,2.43367708567029,2.71975482839607,3.17069811955288,0.286077742725775,0.737021033882586,0.450943291156812
"362","Sergipe",NA,3,0,0,0,NA,NA,NA,NA,2,NA,NA,NA,NA,NA,NA,NA,10,NA,NA,NA,NA,NA,NA,NA,2,NA,NA,NA,NA,NA,NA
"363","Seychelles",NA,45,0,0,0,NA,NA,NA,NA,14,NA,NA,NA,NA,NA,NA,NA,81,NA,NA,NA,NA,NA,NA,NA,45,NA,NA,NA,NA,NA,NA
"364","Shaanxi",NA,3,0,0,0,NA,NA,NA,NA,1,NA,NA,NA,NA,NA,NA,NA,5,NA,NA,NA,NA,NA,NA,NA,0,NA,NA,NA,NA,NA,NA
"365","Shandong",NA,4,0,0,0,NA,NA,NA,NA,2,NA,NA,NA,NA,NA,NA,NA,10,NA,NA,NA,NA,NA,NA,NA,0,NA,NA,NA,NA,NA,NA
"366","Shanghai",NA,3,0,0,0,NA,NA,NA,NA,1,NA,NA,NA,NA,NA,NA,NA,5,NA,NA,NA,NA,NA,NA,NA,0,NA,NA,NA,NA,NA,NA
"367","Shanxi",NA,NA,0,0,0,NA,NA,NA,NA,NA,NA,NA,NA,NA,NA,NA,NA,NA,NA,NA,NA,NA,NA,NA,NA,NA,NA,NA,NA,NA,NA,NA
"368","Shikoku",1,11,0.0307750832201871,0.0377318791546955,0.0604148179108,0.00695679593450841,0.0296397346906129,0.0226829387561045,NA,3,NA,NA,NA,NA,NA,NA,NA,23,NA,NA,NA,NA,NA,NA,NA,8,NA,NA,NA,NA,NA,NA
"369","Sichuan",NA,11,0,0,0,NA,NA,NA,NA,4,NA,NA,NA,NA,NA,NA,NA,25,NA,NA,NA,NA,NA,NA,NA,24,NA,NA,NA,NA,NA,NA
"370","Sicily",1,13,0.0332930184241781,0.0458396824899495,0.0669693858191986,0.0125466640657714,0.0336763673950205,0.0211297033292491,NA,6,NA,NA,NA,NA,NA,NA,NA,49,NA,NA,NA,NA,NA,NA,NA,41,NA,NA,NA,NA,NA,NA
"371","Sierra Leone",NA,5,0,0,0,NA,NA,NA,NA,4,NA,NA,NA,NA,NA,NA,NA,31,NA,NA,NA,NA,NA,NA,NA,26,NA,NA,NA,NA,NA,NA
"372","Sikkim",NA,9,0,0,0,NA,NA,NA,NA,3,NA,NA,NA,NA,NA,NA,NA,18,NA,NA,NA,NA,NA,NA,NA,9,NA,NA,NA,NA,NA,NA
"373","Sinaloa",NA,9,0,0,0,NA,NA,NA,NA,5,NA,NA,NA,NA,NA,NA,NA,34,NA,NA,NA,NA,NA,NA,NA,16,NA,NA,NA,NA,NA,NA
"374","Slovakia",3,NA,0.589496846705094,0.724348197693912,0.993913525827364,0.134851350988818,0.40441667912227,0.269565328133451,1,NA,0.473654890212114,0.570854711499807,0.739125862328242,0.0971998212876931,0.265470972116128,0.168271150828435,0,NA,0,0,0,0,0,0,4,NA,1.89461956084846,2.28341884599923,2.95650344931297,0.388799285150772,1.06188388846451,0.673084603313741
"375","Slovenia",1,2,0.00694057008783984,0.0094567288125354,0.0166272523327803,0.00251615872469556,0.00968668224494049,0.00717052352024493,NA,1,NA,NA,NA,NA,NA,NA,NA,4,NA,NA,NA,NA,NA,NA,NA,0,NA,NA,NA,NA,NA,NA
"376","Solomon Islands",NA,34,0,0,0,NA,NA,NA,NA,15,NA,NA,NA,NA,NA,NA,NA,94,NA,NA,NA,NA,NA,NA,NA,53,NA,NA,NA,NA,NA,NA
"377","Somalia",NA,5,0,0,0,NA,NA,NA,NA,5,NA,NA,NA,NA,NA,NA,NA,20,NA,NA,NA,NA,NA,NA,NA,10,NA,NA,NA,NA,NA,NA
"378","Sonora",NA,4,0,0,0,NA,NA,NA,NA,1,NA,NA,NA,NA,NA,NA,NA,5,NA,NA,NA,NA,NA,NA,NA,5,NA,NA,NA,NA,NA,NA
"379","South Africa",NA,13,0,0,0,NA,NA,NA,NA,7,NA,NA,NA,NA,NA,NA,NA,56,NA,NA,NA,NA,NA,NA,NA,35,NA,NA,NA,NA,NA,NA
"380","South Australia",NA,2,0,0,0,NA,NA,NA,NA,2,NA,NA,NA,NA,NA,NA,NA,18,NA,NA,NA,NA,NA,NA,NA,6,NA,NA,NA,NA,NA,NA
"381","South Carolina",1,18,0.0093479088430625,0.010848541870832,0.0157167478530666,0.00150063302776949,0.0063688390100041,0.0048682059822346,NA,7,NA,NA,NA,NA,NA,NA,NA,51,NA,NA,NA,NA,NA,NA,NA,39,NA,NA,NA,NA,NA,NA
"382","South Dakota",2,NA,0.0685521865995615,0.078540442687652,0.134863808238481,0.00998825608809045,0.0663116216389199,0.0563233655508295,1,NA,0.0679151050311163,0.0777867669889186,0.13336099557328,0.00987166195780234,0.0654458905421633,0.055574228584361,14,NA,0.950811470435628,1.08901473784486,1.86705393802591,0.138203267409233,0.916242467590287,0.778039200181054,6,NA,0.407490630186698,0.466720601933512,0.800165973439678,0.059229971746814,0.39267534325298,0.333445371506166
"383","South Georgia and the South Sandwich Is",NA,NA,0,0,0,NA,NA,NA,NA,NA,NA,NA,NA,NA,NA,NA,NA,NA,NA,NA,NA,NA,NA,NA,NA,NA,NA,NA,NA,NA,NA,NA
"384","South Korea",2,8,0.241940174831507,0.28489813461109,0.395746790008189,0.0429579597795829,0.153806615176682,0.110848655397099,1,3,0.22475731233617,0.262427186643058,0.355973766609741,0.0376698743068887,0.131216454273571,0.0935465799666828,5,23,1.12378656168085,1.31213593321529,1.77986883304871,0.188349371534443,0.656082271367857,0.467732899833414,2,6,0.449514624672339,0.524854373286117,0.711947533219482,0.0753397486137773,0.262432908547143,0.187093159933366
"385","South Western Australia",NA,16,0,0,0,NA,NA,NA,NA,9,NA,NA,NA,NA,NA,NA,NA,61,NA,NA,NA,NA,NA,NA,NA,31,NA,NA,NA,NA,NA,NA
"386","Spain",1,26,0.337500162024265,0.379110628461037,0.443673649545598,0.0416104664367727,0.106173487521333,0.0645630210845607,1,8,0.337500162024265,0.379110628461037,0.443673649545598,0.0416104664367727,0.106173487521333,0.0645630210845607,5,54,1.68750081012132,1.89555314230519,2.21836824772799,0.208052332183864,0.530867437606667,0.322815105422804,2,34,0.675000324048529,0.758221256922075,0.887347299091196,0.0832209328735455,0.212346975042667,0.129126042169121
"387","Spratly Islands",NA,NA,0,0,0,NA,NA,NA,NA,NA,NA,NA,NA,NA,NA,NA,NA,NA,NA,NA,NA,NA,NA,NA,NA,NA,NA,NA,NA,NA,NA,NA
"388","Sri Lanka",NA,19,0,0,0,NA,NA,NA,NA,4,NA,NA,NA,NA,NA,NA,NA,32,NA,NA,NA,NA,NA,NA,NA,15,NA,NA,NA,NA,NA,NA
"389","St. Pierre and Miquelon",NA,NA,0,0,0,NA,NA,NA,NA,NA,NA,NA,NA,NA,NA,NA,NA,NA,NA,NA,NA,NA,NA,NA,NA,NA,NA,NA,NA,NA,NA,NA
"390","Sucre",NA,2,0,0,0,NA,NA,NA,NA,1,NA,NA,NA,NA,NA,NA,NA,5,NA,NA,NA,NA,NA,NA,NA,2,NA,NA,NA,NA,NA,NA
"391","Sudan",NA,6,0,0,0,NA,NA,NA,NA,3,NA,NA,NA,NA,NA,NA,NA,15,NA,NA,NA,NA,NA,NA,NA,11,NA,NA,NA,NA,NA,NA
"392","Sulawesi",NA,12,0,0,0,NA,NA,NA,NA,5,NA,NA,NA,NA,NA,NA,NA,32,NA,NA,NA,NA,NA,NA,NA,23,NA,NA,NA,NA,NA,NA
"393","Sumatra",NA,8,0,0,0,NA,NA,NA,NA,2,NA,NA,NA,NA,NA,NA,NA,23,NA,NA,NA,NA,NA,NA,NA,15,NA,NA,NA,NA,NA,NA
"394","Suriname",NA,7,0,0,0,NA,NA,NA,NA,5,NA,NA,NA,NA,NA,NA,NA,35,NA,NA,NA,NA,NA,NA,NA,17,NA,NA,NA,NA,NA,NA
"395","Svalbard",NA,NA,0,0,0,NA,NA,NA,NA,NA,NA,NA,NA,NA,NA,NA,NA,NA,NA,NA,NA,NA,NA,NA,NA,NA,NA,NA,NA,NA,NA,NA
"396","Swaziland",NA,NA,0,0,0,NA,NA,NA,NA,NA,NA,NA,NA,NA,NA,NA,NA,NA,NA,NA,NA,NA,NA,NA,NA,NA,NA,NA,NA,NA,NA,NA
"397","Sweden",7,NA,0.514310377484509,0.702740557190957,1.42782859896677,0.188430179706449,0.913518221482263,0.725088041775815,5,NA,0.419825834498538,0.577746211126944,1.18568657403167,0.157920376628406,0.765860739533134,0.607940362904728,29,NA,2.02834277668393,2.75873931274258,5.70775791663475,0.730396536058655,3.67941513995083,2.94901860389217,17,NA,1.45211158576152,1.99304010810553,4.05967985003258,0.540928522344012,2.60756826427106,2.06663974192705
"398","Switzerland",16,3,5.73149957425704,6.71664229148143,8.45521039518536,0.985142717224388,2.72371082092831,1.73856810370393,6,1,2.53156618034098,2.94872620209987,3.62062950918824,0.417160021758899,1.08906332884727,0.671903307088367,34,4,13.0979991939867,15.4949639354079,19.4991949176388,2.39696474142125,6.40119572365218,4.00423098223093,17,0,6.91073263885583,8.04715996900863,9.9346330251317,1.1364273301528,3.02390038627588,1.88747305612307
"399","Syria",NA,8,0,0,0,NA,NA,NA,NA,4,NA,NA,NA,NA,NA,NA,NA,24,NA,NA,NA,NA,NA,NA,NA,14,NA,NA,NA,NA,NA,NA
"400","Tabasco",NA,14,0,0,0,NA,NA,NA,NA,7,NA,NA,NA,NA,NA,NA,NA,56,NA,NA,NA,NA,NA,NA,NA,42,NA,NA,NA,NA,NA,NA
"401","Taiwan",1,25,0.0943714191696759,0.107010651313554,0.149807094051766,0.0126392321438784,0.0554356748820904,0.042796442738212,NA,9,NA,NA,NA,NA,NA,NA,NA,67,NA,NA,NA,NA,NA,NA,NA,52,NA,NA,NA,NA,NA,NA
"402","Tajikistan",NA,NA,0,0,0,NA,NA,NA,NA,NA,NA,NA,NA,NA,NA,NA,NA,NA,NA,NA,NA,NA,NA,NA,NA,NA,NA,NA,NA,NA,NA,NA
"403","Tamaulipas",NA,13,0,0,0,NA,NA,NA,NA,8,NA,NA,NA,NA,NA,NA,NA,52,NA,NA,NA,NA,NA,NA,NA,41,NA,NA,NA,NA,NA,NA
"404","Tamil Nadu",NA,8,0,0,0,NA,NA,NA,NA,2,NA,NA,NA,NA,NA,NA,NA,13,NA,NA,NA,NA,NA,NA,NA,9,NA,NA,NA,NA,NA,NA
"405","Tanzania",NA,12,0,0,0,NA,NA,NA,NA,6,NA,NA,NA,NA,NA,NA,NA,30,NA,NA,NA,NA,NA,NA,NA,13,NA,NA,NA,NA,NA,NA
"406","Tasmania",NA,NA,0,0,0,NA,NA,NA,NA,NA,NA,NA,NA,NA,NA,NA,NA,NA,NA,NA,NA,NA,NA,NA,NA,NA,NA,NA,NA,NA,NA,NA
"407","Tennessee",2,8,0.187436359629561,0.201797956936877,0.267685555682534,0.0143615973073156,0.0802491960529731,0.0658875987456574,1,4,0.184974056313845,0.199073654729927,0.263599442013535,0.014099598416082,0.0786253856996899,0.0645257872836079,1,40,0.184974056313845,0.199073654729927,0.263599442013535,0.014099598416082,0.0786253856996899,0.0645257872836079,3,32,0.554922168941536,0.597220964189782,0.790798326040605,0.0422987952482461,0.23587615709907,0.193577361850824
"408","Texas",1,34,0.0121264544440753,0.013795954596524,0.0212674896620711,0.00166950015244864,0.00914103521799575,0.0074715350655471,NA,11,NA,NA,NA,NA,NA,NA,NA,67,NA,NA,NA,NA,NA,NA,NA,53,NA,NA,NA,NA,NA,NA
"409","Thailand",NA,10,0,0,0,NA,NA,NA,NA,4,NA,NA,NA,NA,NA,NA,NA,29,NA,NA,NA,NA,NA,NA,NA,18,NA,NA,NA,NA,NA,NA
"410","Tianjin",NA,NA,0,0,0,NA,NA,NA,NA,NA,NA,NA,NA,NA,NA,NA,NA,NA,NA,NA,NA,NA,NA,NA,NA,NA,NA,NA,NA,NA,NA,NA
"411","Tierra del Fuego",NA,NA,0,0,0,NA,NA,NA,NA,NA,NA,NA,NA,NA,NA,NA,NA,NA,NA,NA,NA,NA,NA,NA,NA,NA,NA,NA,NA,NA,NA,NA
"412","Tlaxcala",NA,3,0,0,0,NA,NA,NA,NA,2,NA,NA,NA,NA,NA,NA,NA,10,NA,NA,NA,NA,NA,NA,NA,7,NA,NA,NA,NA,NA,NA
"413","Tocantins",2,NA,1.54383989288471,1.65781331387278,1.76098499069554,0.113973420988071,0.217145097810829,0.103171676822759,2,NA,1.54383989288471,1.65781331387278,1.76098499069554,0.113973420988071,0.217145097810829,0.103171676822759,10,NA,7.71919946442356,8.28906656936391,8.8049249534777,0.569867104940355,1.08572548905415,0.515858384113791,7,NA,5.75985889949438,6.09895284793762,6.39051062521611,0.339093948443243,0.630651725721731,0.291557777278488
"414","Togo",NA,2,0,0,0,NA,NA,NA,NA,2,NA,NA,NA,NA,NA,NA,NA,10,NA,NA,NA,NA,NA,NA,NA,2,NA,NA,NA,NA,NA,NA
"415","Tohoku",1,NA,0.192635696265644,0.218985349542871,0.276129119574457,0.026349653277227,0.0834934233088132,0.0571437700315861,NA,NA,NA,NA,NA,NA,NA,NA,NA,NA,NA,NA,NA,NA,NA,NA,NA,NA,NA,NA,NA,NA,NA,NA
"416","Tokelau",NA,20,0,0,0,NA,NA,NA,NA,9,NA,NA,NA,NA,NA,NA,NA,64,NA,NA,NA,NA,NA,NA,NA,25,NA,NA,NA,NA,NA,NA
"417","Tolima",NA,4,0,0,0,NA,NA,NA,NA,2,NA,NA,NA,NA,NA,NA,NA,10,NA,NA,NA,NA,NA,NA,NA,2,NA,NA,NA,NA,NA,NA
"418","Tonga",NA,29,0,0,0,NA,NA,NA,NA,12,NA,NA,NA,NA,NA,NA,NA,78,NA,NA,NA,NA,NA,NA,NA,38,NA,NA,NA,NA,NA,NA
"419","Trinidad and Tobago",NA,24,0,0,0,NA,NA,NA,NA,10,NA,NA,NA,NA,NA,NA,NA,71,NA,NA,NA,NA,NA,NA,NA,46,NA,NA,NA,NA,NA,NA
"420","Tripura",NA,2,0,0,0,NA,NA,NA,NA,1,NA,NA,NA,NA,NA,NA,NA,9,NA,NA,NA,NA,NA,NA,NA,9,NA,NA,NA,NA,NA,NA
"421","Tromelin Island",NA,NA,0,0,0,NA,NA,NA,NA,NA,NA,NA,NA,NA,NA,NA,NA,NA,NA,NA,NA,NA,NA,NA,NA,NA,NA,NA,NA,NA,NA,NA
"422","Tucuman",NA,2,0,0,0,NA,NA,NA,NA,2,NA,NA,NA,NA,NA,NA,NA,19,NA,NA,NA,NA,NA,NA,NA,11,NA,NA,NA,NA,NA,NA
"423","Tunisia",NA,12,0,0,0,NA,NA,NA,NA,6,NA,NA,NA,NA,NA,NA,NA,42,NA,NA,NA,NA,NA,NA,NA,28,NA,NA,NA,NA,NA,NA
"424","Turkey",1,21,0.0254297648625539,0.0366366167703066,0.05674642083583,0.0112068519077527,0.0313166559732761,0.0201098040655234,NA,11,NA,NA,NA,NA,NA,NA,NA,75,NA,NA,NA,NA,NA,NA,NA,44,NA,NA,NA,NA,NA,NA
"425","Turkmenistan",1,1,0.0122184808721787,0.0140598491703151,0.0221426556943022,0.00184136829813639,0.00992417482212351,0.00808280652398712,NA,1,NA,NA,NA,NA,NA,NA,NA,1,NA,NA,NA,NA,NA,NA,NA,3,NA,NA,NA,NA,NA,NA
"426","Turks and Caicos Islands",NA,7,0,0,0,NA,NA,NA,NA,4,NA,NA,NA,NA,NA,NA,NA,45,NA,NA,NA,NA,NA,NA,NA,37,NA,NA,NA,NA,NA,NA
"427","Tuvalu",NA,6,0,0,0,NA,NA,NA,NA,6,NA,NA,NA,NA,NA,NA,NA,47,NA,NA,NA,NA,NA,NA,NA,33,NA,NA,NA,NA,NA,NA
"428","Uganda",NA,NA,0,0,0,NA,NA,NA,NA,NA,NA,NA,NA,NA,NA,NA,NA,NA,NA,NA,NA,NA,NA,NA,NA,NA,NA,NA,NA,NA,NA,NA
"429","Ukraine",4,3,0.263826474066216,0.328127375275392,0.583325467122992,0.0643009012091756,0.319498993056776,0.2551980918476,2,1,0.237983644371916,0.294107209160673,0.507580071581065,0.0561235647887563,0.269596427209149,0.213472862420393,5,4,0.155424654046488,0.187497686916578,0.324670684849161,0.0320730328700896,0.169246030802673,0.137172997932583,6,0,0.88976471586907,1.10142976187606,1.9004520123846,0.211665046006989,1.01068729651553,0.799022250508537
"430","United Arab Emirates",NA,27,0,0,0,NA,NA,NA,NA,12,NA,NA,NA,NA,NA,NA,NA,80,NA,NA,NA,NA,NA,NA,NA,51,NA,NA,NA,NA,NA,NA
"431","United Kingdom",53,8,38.9397733271895,40.1049577226324,42.6675537355758,1.1651843954429,3.72778040838635,2.56259601294345,9,5,5.80959258687097,6.05119763717389,6.60013658047782,0.241605050302927,0.790543993606854,0.548938943303927,65,27,40.7566330706418,42.5676303340401,46.7271376180824,1.81099726339831,5.97050454744057,4.15950728404226,38,10,23.375853379388,24.4206246007578,26.8471621284304,1.04477122136987,3.47130874904246,2.42653752767259
"432","Uruguay",NA,1,0,0,0,NA,NA,NA,NA,NA,NA,NA,NA,NA,NA,NA,NA,NA,NA,NA,NA,NA,NA,NA,NA,NA,NA,NA,NA,NA,NA,NA
"433","Utah",1,3,0.00128314597996981,0.00184404738462374,0.00368351969576405,0.000560901404653928,0.00240037371579424,0.00183947231114032,NA,1,NA,NA,NA,NA,NA,NA,NA,14,NA,NA,NA,NA,NA,NA,NA,6,NA,NA,NA,NA,NA,NA
"434","Uttar Pradesh",NA,5,0,0,0,NA,NA,NA,NA,1,NA,NA,NA,NA,NA,NA,NA,4,NA,NA,NA,NA,NA,NA,NA,0,NA,NA,NA,NA,NA,NA
"435","Uzbekistan",NA,1,0,0,0,NA,NA,NA,NA,1,NA,NA,NA,NA,NA,NA,NA,1,NA,NA,NA,NA,NA,NA,NA,3,NA,NA,NA,NA,NA,NA
"436","Valle del Cauca",NA,16,0,0,0,NA,NA,NA,NA,9,NA,NA,NA,NA,NA,NA,NA,63,NA,NA,NA,NA,NA,NA,NA,23,NA,NA,NA,NA,NA,NA
"437","Vanuatu",NA,22,0,0,0,NA,NA,NA,NA,9,NA,NA,NA,NA,NA,NA,NA,77,NA,NA,NA,NA,NA,NA,NA,44,NA,NA,NA,NA,NA,NA
"438","Vaupes",NA,1,0,0,0,NA,NA,NA,NA,1,NA,NA,NA,NA,NA,NA,NA,5,NA,NA,NA,NA,NA,NA,NA,2,NA,NA,NA,NA,NA,NA
"439","Venezuela",NA,19,0,0,0,NA,NA,NA,NA,11,NA,NA,NA,NA,NA,NA,NA,64,NA,NA,NA,NA,NA,NA,NA,30,NA,NA,NA,NA,NA,NA
"440","Veracruz",1,27,0.0686463040158113,0.0782222080334033,0.104831407697728,0.00957590401759198,0.0361851036819163,0.0266091996643243,NA,12,NA,NA,NA,NA,NA,NA,NA,85,NA,NA,NA,NA,NA,NA,NA,49,NA,NA,NA,NA,NA,NA
"441","Vermont",1,2,0.00056054260819665,0.000960275754400799,0.0024397577968019,0.000399733146204149,0.00187921518860525,0.0014794820424011,NA,1,NA,NA,NA,NA,NA,NA,NA,10,NA,NA,NA,NA,NA,NA,NA,4,NA,NA,NA,NA,NA,NA
"442","Vichada",NA,2,0,0,0,NA,NA,NA,NA,1,NA,NA,NA,NA,NA,NA,NA,5,NA,NA,NA,NA,NA,NA,NA,2,NA,NA,NA,NA,NA,NA
"443","Victoria",NA,3,0,0,0,NA,NA,NA,NA,3,NA,NA,NA,NA,NA,NA,NA,37,NA,NA,NA,NA,NA,NA,NA,15,NA,NA,NA,NA,NA,NA
"444","Vietnam",1,14,0.738588784970899,0.763022689578084,0.81879114742965,0.0244339046071853,0.0802023624587512,0.0557684578515659,1,5,0.738588784970899,0.763022689578084,0.81879114742965,0.0244339046071853,0.0802023624587512,0.0557684578515659,14,34,10.3402429895926,10.6823176540932,11.4630760640151,0.342074664500595,1.12283307442252,0.780758409921923,6,23,4.43153270982539,4.5781361374685,4.9127468845779,0.146603427643113,0.481214174752508,0.334610747109395
"445","Virginia",3,13,0.511179977508646,0.560964739230755,0.712058929151966,0.0497847617221092,0.20087895164332,0.151094189921211,2,4,0.503781828028331,0.55225104625733,0.698313136486748,0.0484692182289998,0.194531308458417,0.146062090229418,19,31,5.92691710673454,6.47815603147318,8.10291848916817,0.551238924738642,2.17600138243363,1.62476245769499,8,29,2.52223386343128,2.75645800370867,3.44611640929991,0.234224140277396,0.923882545868631,0.689658405591235
"446","Wake Atoll",NA,7,0,0,0,NA,NA,NA,NA,6,NA,NA,NA,NA,NA,NA,NA,29,NA,NA,NA,NA,NA,NA,NA,19,NA,NA,NA,NA,NA,NA
"447","Wallis and Futuna",NA,21,0,0,0,NA,NA,NA,NA,11,NA,NA,NA,NA,NA,NA,NA,76,NA,NA,NA,NA,NA,NA,NA,39,NA,NA,NA,NA,NA,NA
"448","Washington",7,7,0.495925767697298,0.663499530624481,1.01032023417013,0.167573762927183,0.514394466472835,0.346820703545652,4,2,0.486777731801003,0.650739656834014,0.988545029808723,0.163961925033012,0.50176729800772,0.337805372974709,22,19,1.76449101796762,2.36293521526754,3.69342382038543,0.598444197299923,1.92893280241781,1.33048860511789,14,10,1.88014695045971,2.49351072310635,3.73541943051362,0.613363772646643,1.85527248005391,1.24190870740727
"449","West Bengal",NA,10,0,0,0,NA,NA,NA,NA,2,NA,NA,NA,NA,NA,NA,NA,14,NA,NA,NA,NA,NA,NA,NA,9,NA,NA,NA,NA,NA,NA
"450","West Virginia",2,NA,0.311812455372039,0.340895749595181,0.429342111788703,0.0290832942231425,0.117529656416664,0.0884463621935218,1,NA,0.308736130115744,0.337202564742776,0.42317444013993,0.0284664346270324,0.114438310024187,0.0859718753971542,4,NA,1.23494452046297,1.3488102589711,1.69269776055972,0.113865738508129,0.457753240096746,0.343887501588617,0,NA,0,0,0,0,0,0
"451","Western Sahara",NA,NA,0,0,0,NA,NA,NA,NA,NA,NA,NA,NA,NA,NA,NA,NA,NA,NA,NA,NA,NA,NA,NA,NA,NA,NA,NA,NA,NA,NA,NA
"452","Wisconsin",5,2,0.291609725194131,0.389636676994645,0.756140863527045,0.0980269518005146,0.464531138332914,0.366504186532399,4,1,0.291098773775186,0.388897947361112,0.754312852183256,0.0977991735859254,0.46321407840807,0.365414904822145,23,9,1.33979131985297,1.76348485507888,3.36186819910044,0.423693535225908,2.02207687924746,1.59838334402156,12,6,0.797737286305237,1.10290369662764,2.28992310481838,0.305166410322405,1.49218581851315,1.18701940819074
"453","Wyoming",1,NA,0.00141094681140972,0.00187334202295509,0.00351860557468171,0.000462395211545371,0.00210765876327199,0.00164526355172662,NA,NA,NA,NA,NA,NA,NA,NA,NA,NA,NA,NA,NA,NA,NA,NA,NA,NA,NA,NA,NA,NA,NA,NA
"454","Xinjiang",1,NA,0.000195018116659408,0.000269067550138491,0.000595464275458842,7.40494334790828e-05,0.000400446158799434,0.000326396725320351,NA,NA,NA,NA,NA,NA,NA,NA,NA,NA,NA,NA,NA,NA,NA,NA,NA,NA,NA,NA,NA,NA,NA,NA
"455","Xizang",NA,1,0,0,0,NA,NA,NA,NA,NA,NA,NA,NA,NA,NA,NA,NA,NA,NA,NA,NA,NA,NA,NA,NA,NA,NA,NA,NA,NA,NA,NA
"456","Yemen",NA,28,0,0,0,NA,NA,NA,NA,11,NA,NA,NA,NA,NA,NA,NA,62,NA,NA,NA,NA,NA,NA,NA,33,NA,NA,NA,NA,NA,NA
"457","Yucatan",NA,15,0,0,0,NA,NA,NA,NA,8,NA,NA,NA,NA,NA,NA,NA,59,NA,NA,NA,NA,NA,NA,NA,36,NA,NA,NA,NA,NA,NA
"458","Yukon Territory",NA,NA,0,0,0,NA,NA,NA,NA,NA,NA,NA,NA,NA,NA,NA,NA,NA,NA,NA,NA,NA,NA,NA,NA,NA,NA,NA,NA,NA,NA,NA
"459","Yunnan",NA,15,0,0,0,NA,NA,NA,NA,6,NA,NA,NA,NA,NA,NA,NA,30,NA,NA,NA,NA,NA,NA,NA,28,NA,NA,NA,NA,NA,NA
"460","Zacatecas",NA,2,0,0,0,NA,NA,NA,NA,2,NA,NA,NA,NA,NA,NA,NA,19,NA,NA,NA,NA,NA,NA,NA,11,NA,NA,NA,NA,NA,NA
"461","Zambia",NA,NA,0,0,0,NA,NA,NA,NA,NA,NA,NA,NA,NA,NA,NA,NA,NA,NA,NA,NA,NA,NA,NA,NA,NA,NA,NA,NA,NA,NA,NA
"462","Zhejiang",1,10,0.0329340214957689,0.0425594453260403,0.0695325810718151,0.00962542383027143,0.0365985595760462,0.0269731357457747,NA,4,NA,NA,NA,NA,NA,NA,NA,33,NA,NA,NA,NA,NA,NA,NA,30,NA,NA,NA,NA,NA,NA
"463","Zimbabwe",NA,2,0,0,0,NA,NA,NA,NA,1,NA,NA,NA,NA,NA,NA,NA,14,NA,NA,NA,NA,NA,NA,NA,6,NA,NA,NA,NA,NA,NA
"464","Distrito Federal Mexico",NA,4,0,0,0,NA,NA,NA,NA,2,NA,NA,NA,NA,NA,NA,NA,19,NA,NA,NA,NA,NA,NA,NA,11,NA,NA,NA,NA,NA,NA
"465","Cordoba Colombia",NA,4,0,0,0,NA,NA,NA,NA,3,NA,NA,NA,NA,NA,NA,NA,16,NA,NA,NA,NA,NA,NA,NA,11,NA,NA,NA,NA,NA,NA
"466","Amazonas_Brazil",NA,7,0,0,0,NA,NA,NA,NA,6,NA,NA,NA,NA,NA,NA,NA,40,NA,NA,NA,NA,NA,NA,NA,17,NA,NA,NA,NA,NA,NA
"467","Cordoba Argentina",NA,1,0,0,0,NA,NA,NA,NA,1,NA,NA,NA,NA,NA,NA,NA,5,NA,NA,NA,NA,NA,NA,NA,0,NA,NA,NA,NA,NA,NA
"468","Amazonas",NA,8,0,0,0,NA,NA,NA,NA,6,NA,NA,NA,NA,NA,NA,NA,40,NA,NA,NA,NA,NA,NA,NA,17,NA,NA,NA,NA,NA,NA
"469","Chile_n",NA,NA,0,0,0,NA,NA,NA,NA,NA,NA,NA,NA,NA,NA,NA,NA,NA,NA,NA,NA,NA,NA,NA,NA,NA,NA,NA,NA,NA,NA,NA
"470","Chile_nc",NA,7,0,0,0,NA,NA,NA,NA,4,NA,NA,NA,NA,NA,NA,NA,26,NA,NA,NA,NA,NA,NA,NA,6,NA,NA,NA,NA,NA,NA
"471","Chile_c",NA,3,0,0,0,NA,NA,NA,NA,2,NA,NA,NA,NA,NA,NA,NA,17,NA,NA,NA,NA,NA,NA,NA,8,NA,NA,NA,NA,NA,NA
"472","Los Lagos",1,1,0.0660864973890368,0.0832177237973846,0.108266188257377,0.0171312264083478,0.0421796908683402,0.0250484644599924,NA,1,NA,NA,NA,NA,NA,NA,NA,14,NA,NA,NA,NA,NA,NA,NA,6,NA,NA,NA,NA,NA,NA
"473","Chile_s",NA,1,0,0,0,NA,NA,NA,NA,1,NA,NA,NA,NA,NA,NA,NA,14,NA,NA,NA,NA,NA,NA,NA,6,NA,NA,NA,NA,NA,NA
"474","Aegean Islands",1,12,0.334624605037317,0.429423470599907,0.520587575421474,0.09479886556259,0.185962970384157,0.091164104821567,1,3,0.334624605037317,0.429423470599907,0.520587575421474,0.09479886556259,0.185962970384157,0.091164104821567,9,9,3.01162144533585,3.86481123539916,4.68528817879326,0.85318979006331,1.67366673345741,0.820476943394103,9,9,3.01162144533585,3.86481123539916,4.68528817879326,0.85318979006331,1.67366673345741,0.820476943394103
"475","Austral Islands",NA,30,0,0,0,NA,NA,NA,NA,14,NA,NA,NA,NA,NA,NA,NA,97,NA,NA,NA,NA,NA,NA,NA,54,NA,NA,NA,NA,NA,NA
"476","Azores Islands",NA,10,0,0,0,NA,NA,NA,NA,7,NA,NA,NA,NA,NA,NA,NA,42,NA,NA,NA,NA,NA,NA,NA,25,NA,NA,NA,NA,NA,NA
"477","Balearic Islands",1,14,0.0226248161525593,0.0301715880044874,0.0430406226248384,0.00754677185192819,0.0204158064722792,0.012869034620351,NA,3,NA,NA,NA,NA,NA,NA,NA,19,NA,NA,NA,NA,NA,NA,NA,15,NA,NA,NA,NA,NA,NA
"478","Cameroon line Archipelago",NA,6,0,0,0,NA,NA,NA,NA,4,NA,NA,NA,NA,NA,NA,NA,24,NA,NA,NA,NA,NA,NA,NA,16,NA,NA,NA,NA,NA,NA
"479","Canary Islands",1,32,0.94646488101991,0.949981086837492,0.955913368421211,0.00351620581758139,0.00944848740130078,0.00593228158371939,NA,12,NA,NA,NA,NA,NA,NA,NA,66,NA,NA,NA,NA,NA,NA,NA,37,NA,NA,NA,NA,NA,NA
"480","Caroline Islands",NA,38,0,0,0,NA,NA,NA,NA,12,NA,NA,NA,NA,NA,NA,NA,74,NA,NA,NA,NA,NA,NA,NA,41,NA,NA,NA,NA,NA,NA
"481","Chagos Archipelago",NA,9,0,0,0,NA,NA,NA,NA,4,NA,NA,NA,NA,NA,NA,NA,23,NA,NA,NA,NA,NA,NA,NA,8,NA,NA,NA,NA,NA,NA
"482","Channel Islands",2,1,0.62223816846172,0.666050451937847,0.750672150169158,0.043812283476128,0.128433981707439,0.084621698231311,1,NA,0.59932573275147,0.6384554052549,0.710826842041656,0.0391296725034297,0.111501109290185,0.0723714367867557,14,NA,8.39056025852059,8.9383756735686,9.95157578858318,0.547815415048015,1.5610155300626,1.01320011501458,6,NA,3.59595439650882,3.8307324315294,4.26496105224993,0.234778035020578,0.669006655741113,0.434228620720534
"483","Cocos Island (Costa Rica)",NA,13,0,0,0,NA,NA,NA,NA,6,NA,NA,NA,NA,NA,NA,NA,40,NA,NA,NA,NA,NA,NA,NA,26,NA,NA,NA,NA,NA,NA
"484","Commander Islands",NA,NA,0,0,0,NA,NA,NA,NA,NA,NA,NA,NA,NA,NA,NA,NA,NA,NA,NA,NA,NA,NA,NA,NA,NA,NA,NA,NA,NA,NA,NA
"485","Crete",NA,11,0,0,0,NA,NA,NA,NA,2,NA,NA,NA,NA,NA,NA,NA,18,NA,NA,NA,NA,NA,NA,NA,6,NA,NA,NA,NA,NA,NA
"486","D'Entrecasteaux Islands",NA,NA,0,0,0,NA,NA,NA,NA,NA,NA,NA,NA,NA,NA,NA,NA,NA,NA,NA,NA,NA,NA,NA,NA,NA,NA,NA,NA,NA,NA,NA
"487","Daito Islands",NA,19,0,0,0,NA,NA,NA,NA,9,NA,NA,NA,NA,NA,NA,NA,53,NA,NA,NA,NA,NA,NA,NA,29,NA,NA,NA,NA,NA,NA
"488","Easter Island",NA,11,0,0,0,NA,NA,NA,NA,6,NA,NA,NA,NA,NA,NA,NA,33,NA,NA,NA,NA,NA,NA,NA,15,NA,NA,NA,NA,NA,NA
"489","Enggano Island",NA,NA,0,0,0,NA,NA,NA,NA,NA,NA,NA,NA,NA,NA,NA,NA,NA,NA,NA,NA,NA,NA,NA,NA,NA,NA,NA,NA,NA,NA,NA
"490","Fernando de Noronha Archipelago",NA,7,0,0,0,NA,NA,NA,NA,6,NA,NA,NA,NA,NA,NA,NA,45,NA,NA,NA,NA,NA,NA,NA,23,NA,NA,NA,NA,NA,NA
"491","Galapagos Islands",NA,37,0,0,0,NA,NA,NA,NA,14,NA,NA,NA,NA,NA,NA,NA,70,NA,NA,NA,NA,NA,NA,NA,47,NA,NA,NA,NA,NA,NA
"492","Galite Islands",NA,NA,0,0,0,NA,NA,NA,NA,NA,NA,NA,NA,NA,NA,NA,NA,NA,NA,NA,NA,NA,NA,NA,NA,NA,NA,NA,NA,NA,NA,NA
"493","Gambier Islands",NA,20,0,0,0,NA,NA,NA,NA,11,NA,NA,NA,NA,NA,NA,NA,74,NA,NA,NA,NA,NA,NA,NA,31,NA,NA,NA,NA,NA,NA
"494","Hispaniola",NA,31,0,0,0,NA,NA,NA,NA,10,NA,NA,NA,NA,NA,NA,NA,57,NA,NA,NA,NA,NA,NA,NA,34,NA,NA,NA,NA,NA,NA
"495","Ionian Islands",NA,7,0,0,0,NA,NA,NA,NA,3,NA,NA,NA,NA,NA,NA,NA,23,NA,NA,NA,NA,NA,NA,NA,19,NA,NA,NA,NA,NA,NA
"496","Islas Marias",NA,NA,0,0,0,NA,NA,NA,NA,NA,NA,NA,NA,NA,NA,NA,NA,NA,NA,NA,NA,NA,NA,NA,NA,NA,NA,NA,NA,NA,NA,NA
"497","Izu Islands",NA,5,0,0,0,NA,NA,NA,NA,1,NA,NA,NA,NA,NA,NA,NA,4,NA,NA,NA,NA,NA,NA,NA,0,NA,NA,NA,NA,NA,NA
"498","Jeju Island",1,3,0.0301504401145507,0.0388051618125249,0.0626557395091235,0.00865472169797423,0.0325052993945728,0.0238505776965986,NA,1,NA,NA,NA,NA,NA,NA,NA,5,NA,NA,NA,NA,NA,NA,NA,0,NA,NA,NA,NA,NA,NA
"499","Juan Fernandez Islands",NA,3,0,0,0,NA,NA,NA,NA,2,NA,NA,NA,NA,NA,NA,NA,18,NA,NA,NA,NA,NA,NA,NA,6,NA,NA,NA,NA,NA,NA
"500","Kerguelen Islands",NA,1,0,0,0,NA,NA,NA,NA,1,NA,NA,NA,NA,NA,NA,NA,14,NA,NA,NA,NA,NA,NA,NA,6,NA,NA,NA,NA,NA,NA
"501","Kermadec Islands",NA,7,0,0,0,NA,NA,NA,NA,5,NA,NA,NA,NA,NA,NA,NA,28,NA,NA,NA,NA,NA,NA,NA,10,NA,NA,NA,NA,NA,NA
"502","Krakatau Islands",NA,8,0,0,0,NA,NA,NA,NA,4,NA,NA,NA,NA,NA,NA,NA,25,NA,NA,NA,NA,NA,NA,NA,14,NA,NA,NA,NA,NA,NA
"503","Kuril Islands",NA,NA,0,0,0,NA,NA,NA,NA,NA,NA,NA,NA,NA,NA,NA,NA,NA,NA,NA,NA,NA,NA,NA,NA,NA,NA,NA,NA,NA,NA,NA
"504","Lesser Antilles",NA,47,0,0,0,NA,NA,NA,NA,13,NA,NA,NA,NA,NA,NA,NA,81,NA,NA,NA,NA,NA,NA,NA,50,NA,NA,NA,NA,NA,NA
"505","Lesser Sunda Islands",NA,13,0,0,0,NA,NA,NA,NA,6,NA,NA,NA,NA,NA,NA,NA,39,NA,NA,NA,NA,NA,NA,NA,23,NA,NA,NA,NA,NA,NA
"506","Line Islands",NA,16,0,0,0,NA,NA,NA,NA,10,NA,NA,NA,NA,NA,NA,NA,64,NA,NA,NA,NA,NA,NA,NA,35,NA,NA,NA,NA,NA,NA
"507","Lord Howe Island",NA,14,0,0,0,NA,NA,NA,NA,6,NA,NA,NA,NA,NA,NA,NA,37,NA,NA,NA,NA,NA,NA,NA,13,NA,NA,NA,NA,NA,NA
"508","Louisiade Archipelago",NA,NA,0,0,0,NA,NA,NA,NA,NA,NA,NA,NA,NA,NA,NA,NA,NA,NA,NA,NA,NA,NA,NA,NA,NA,NA,NA,NA,NA,NA,NA
"509","Loyalty Islands",NA,11,0,0,0,NA,NA,NA,NA,9,NA,NA,NA,NA,NA,NA,NA,53,NA,NA,NA,NA,NA,NA,NA,26,NA,NA,NA,NA,NA,NA
"510","Madeira Islands",NA,15,0,0,0,NA,NA,NA,NA,5,NA,NA,NA,NA,NA,NA,NA,37,NA,NA,NA,NA,NA,NA,NA,21,NA,NA,NA,NA,NA,NA
"511","Mariana Islands",NA,42,0,0,0,NA,NA,NA,NA,15,NA,NA,NA,NA,NA,NA,NA,89,NA,NA,NA,NA,NA,NA,NA,55,NA,NA,NA,NA,NA,NA
"512","Marquesas Islands",NA,30,0,0,0,NA,NA,NA,NA,14,NA,NA,NA,NA,NA,NA,NA,84,NA,NA,NA,NA,NA,NA,NA,41,NA,NA,NA,NA,NA,NA
"513","Mascarene Islands",NA,50,0,0,0,NA,NA,NA,NA,14,NA,NA,NA,NA,NA,NA,NA,81,NA,NA,NA,NA,NA,NA,NA,43,NA,NA,NA,NA,NA,NA
"514","Mentawai Islands",NA,1,0,0,0,NA,NA,NA,NA,NA,NA,NA,NA,NA,NA,NA,NA,NA,NA,NA,NA,NA,NA,NA,NA,NA,NA,NA,NA,NA,NA,NA
"515","Mozambique Channel Islands",NA,5,0,0,0,NA,NA,NA,NA,1,NA,NA,NA,NA,NA,NA,NA,14,NA,NA,NA,NA,NA,NA,NA,6,NA,NA,NA,NA,NA,NA
"516","Natuna Islands",NA,NA,0,0,0,NA,NA,NA,NA,NA,NA,NA,NA,NA,NA,NA,NA,NA,NA,NA,NA,NA,NA,NA,NA,NA,NA,NA,NA,NA,NA,NA
"517","Nias Island",NA,NA,0,0,0,NA,NA,NA,NA,NA,NA,NA,NA,NA,NA,NA,NA,NA,NA,NA,NA,NA,NA,NA,NA,NA,NA,NA,NA,NA,NA,NA
"518","Ogasawara Islands",NA,30,0,0,0,NA,NA,NA,NA,10,NA,NA,NA,NA,NA,NA,NA,57,NA,NA,NA,NA,NA,NA,NA,26,NA,NA,NA,NA,NA,NA
"519","Oki Islands",NA,NA,0,0,0,NA,NA,NA,NA,NA,NA,NA,NA,NA,NA,NA,NA,NA,NA,NA,NA,NA,NA,NA,NA,NA,NA,NA,NA,NA,NA,NA
"520","Pantelleria Island",NA,3,0,0,0,NA,NA,NA,NA,NA,NA,NA,NA,NA,NA,NA,NA,NA,NA,NA,NA,NA,NA,NA,NA,NA,NA,NA,NA,NA,NA,NA
"521","Pelagie Islands",NA,2,0,0,0,NA,NA,NA,NA,1,NA,NA,NA,NA,NA,NA,NA,14,NA,NA,NA,NA,NA,NA,NA,6,NA,NA,NA,NA,NA,NA
"522","Phoenix Islands",NA,6,0,0,0,NA,NA,NA,NA,6,NA,NA,NA,NA,NA,NA,NA,25,NA,NA,NA,NA,NA,NA,NA,10,NA,NA,NA,NA,NA,NA
"523","Pontine Islands",NA,1,0,0,0,NA,NA,NA,NA,1,NA,NA,NA,NA,NA,NA,NA,14,NA,NA,NA,NA,NA,NA,NA,6,NA,NA,NA,NA,NA,NA
"524","Raja Ampat Islands",NA,2,0,0,0,NA,NA,NA,NA,1,NA,NA,NA,NA,NA,NA,NA,9,NA,NA,NA,NA,NA,NA,NA,3,NA,NA,NA,NA,NA,NA
"525","Revillagigedo Islands",NA,1,0,0,0,NA,NA,NA,NA,1,NA,NA,NA,NA,NA,NA,NA,9,NA,NA,NA,NA,NA,NA,NA,9,NA,NA,NA,NA,NA,NA
"526","Riau Archipelago",NA,1,0,0,0,NA,NA,NA,NA,1,NA,NA,NA,NA,NA,NA,NA,1,NA,NA,NA,NA,NA,NA,NA,3,NA,NA,NA,NA,NA,NA
"527","Saint Helena Ascension Tristan da Cunha",NA,17,0,0,0,NA,NA,NA,NA,7,NA,NA,NA,NA,NA,NA,NA,48,NA,NA,NA,NA,NA,NA,NA,23,NA,NA,NA,NA,NA,NA
"528","Sakhalin Island",NA,NA,0,0,0,NA,NA,NA,NA,NA,NA,NA,NA,NA,NA,NA,NA,NA,NA,NA,NA,NA,NA,NA,NA,NA,NA,NA,NA,NA,NA,NA
"529","Satsunan Islands",NA,23,0,0,0,NA,NA,NA,NA,9,NA,NA,NA,NA,NA,NA,NA,62,NA,NA,NA,NA,NA,NA,NA,34,NA,NA,NA,NA,NA,NA
"530","Schouten Islands",NA,2,0,0,0,NA,NA,NA,NA,2,NA,NA,NA,NA,NA,NA,NA,14,NA,NA,NA,NA,NA,NA,NA,5,NA,NA,NA,NA,NA,NA
"531","Senkaku Islands",NA,9,0,0,0,NA,NA,NA,NA,5,NA,NA,NA,NA,NA,NA,NA,42,NA,NA,NA,NA,NA,NA,NA,22,NA,NA,NA,NA,NA,NA
"532","Simeulue Island",NA,1,0,0,0,NA,NA,NA,NA,1,NA,NA,NA,NA,NA,NA,NA,14,NA,NA,NA,NA,NA,NA,NA,6,NA,NA,NA,NA,NA,NA
"533","Society Islands",NA,40,0,0,0,NA,NA,NA,NA,15,NA,NA,NA,NA,NA,NA,NA,96,NA,NA,NA,NA,NA,NA,NA,51,NA,NA,NA,NA,NA,NA
"534","Socotra Archipelago",NA,19,0,0,0,NA,NA,NA,NA,6,NA,NA,NA,NA,NA,NA,NA,16,NA,NA,NA,NA,NA,NA,NA,18,NA,NA,NA,NA,NA,NA
"535","Thousand Islands",NA,2,0,0,0,NA,NA,NA,NA,1,NA,NA,NA,NA,NA,NA,NA,9,NA,NA,NA,NA,NA,NA,NA,9,NA,NA,NA,NA,NA,NA
"536","Torres Strait Islands",NA,2,0,0,0,NA,NA,NA,NA,1,NA,NA,NA,NA,NA,NA,NA,1,NA,NA,NA,NA,NA,NA,NA,3,NA,NA,NA,NA,NA,NA
"537","Trobriand Islands",NA,NA,0,0,0,NA,NA,NA,NA,NA,NA,NA,NA,NA,NA,NA,NA,NA,NA,NA,NA,NA,NA,NA,NA,NA,NA,NA,NA,NA,NA,NA
"538","Tsushima Island",NA,NA,0,0,0,NA,NA,NA,NA,NA,NA,NA,NA,NA,NA,NA,NA,NA,NA,NA,NA,NA,NA,NA,NA,NA,NA,NA,NA,NA,NA,NA
"539","Tuamotu Islands",NA,29,0,0,0,NA,NA,NA,NA,14,NA,NA,NA,NA,NA,NA,NA,84,NA,NA,NA,NA,NA,NA,NA,41,NA,NA,NA,NA,NA,NA
"540","Tuscan Archipelago",NA,NA,0,0,0,NA,NA,NA,NA,NA,NA,NA,NA,NA,NA,NA,NA,NA,NA,NA,NA,NA,NA,NA,NA,NA,NA,NA,NA,NA,NA,NA
"541","Volcano Islands",NA,21,0,0,0,NA,NA,NA,NA,11,NA,NA,NA,NA,NA,NA,NA,67,NA,NA,NA,NA,NA,NA,NA,38,NA,NA,NA,NA,NA,NA
"542","Woodlark Islands",NA,NA,0,0,0,NA,NA,NA,NA,NA,NA,NA,NA,NA,NA,NA,NA,NA,NA,NA,NA,NA,NA,NA,NA,NA,NA,NA,NA,NA,NA,NA
"543","Zanzibar Archipelago",NA,8,0,0,0,NA,NA,NA,NA,5,NA,NA,NA,NA,NA,NA,NA,30,NA,NA,NA,NA,NA,NA,NA,14,NA,NA,NA,NA,NA,NA
"544","Yaeyama Islands",NA,30,0,0,0,NA,NA,NA,NA,9,NA,NA,NA,NA,NA,NA,NA,53,NA,NA,NA,NA,NA,NA,NA,29,NA,NA,NA,NA,NA,NA
